product_code,product_name
00190,STRISCIONE IN P.V.C.
00192,MAGLIETTE 100% COTONE
00193,CAPPELLINO 100% COTONE
00194,SERBATOIO AIRJET 50 lt.
00195,ADESIVI PICCOLI
00196,ADESIVI GRANDI
00197,PLANNING
00198,CARTELLI FOREX
00300,UGELLI 5 PZ PER PISTOLA MM/TL
00317,SECCHIO NA
00318,"CIOCCOLATINI KG 2,2"
00319,"CIOCCOLATINI KG 1,7"
00322,SCATOLA C GR.490
00324,SCATOLA C GR. 980
00326,XILOGRAFIA
00328,REGALO TOP
00329,REGALO STANDARD
00330,STRENNA
00331,SCATOLA C GR. 300
010001/A,KIMICOVER GUAINA PARTE A DA KG 12
010001/B,KIMICOVER GUAINA PARTE B GRIGIO DA KG 12
010002/A,KIMICOVER GUAINA PARTE A DA KG 12
010002/B,KIMICOVER GUAINA PARTE B BIANCO DA KG 12
010004,BETONFIX ESPANDO MX da Kg 20
010006/A,BETONFIX AQM GG/ A DA KG 25
010006/B,"BETONFIX AQM GG/ B DA KG 5,5"
010009,BETONFIX ESPANDO da Kg 20
010010,BETONFIX 200 da KG 20
010012,BETONFIX DRY da KG 20
010015,BETONFIX 300 GRIGIO da Kg 20
010016,BETONFIX 300 Bianco da Kg.20
010020,BETONFIX AL da KG 25
010030,BETONFIX FB/FM da Kg 25
010034,BETONFIX CR/FM da Kg 25
010034RPD/FM,BETONFIX CR/RPD/FM da Kg 25
010035,BETONFIX TX da KG 25
010036,BETONFIX TX/GG da KG 25
010037,BETONFIX MONOLITE N da KG 25
010038,BETONFIX MONOLITE R da KG 25
010039,BETONFIX MONOLITE C da KG 25
010040,BETONFIX TX/RPD da KG 25
010041,BETONFIX ETICS GRIGIO da KG 25
010042,BETONFIX FONDO FIBRATO da Kg 25
010045,BETONFIX FB da KG 25
010047,BETONFIX RCA da Kg.25
010049,BETONFIX SB3 da KG 25
010050,BETONFIX WW da KG 5
010051,LIMEPOR TONACHINO 51 KG 15
010052,BETONFIX RR GRIGIO da Kg 25
010055,BETONFIX WW da KG 20
010059,BETONFIX RS BIANCO da KG 25
010061,BETONFIX RS da Kg 25
010062,BETONFIX R30 Grigio da Kg 25
010063,BETONFIX R30 Bianco da Kg 25
010065,BETONFIX CR da KG 25
010065G,BETONFIX CR da KG 25
010065HC,BETONFIX CR/HC da KG 25
010065HCEVO,BETONFIX CR/HC EVO da KG 25
010065HCEVOG,BETONFIX CR/HC EVO da KG 25
010065HCEVOTX,BETONFIX CR/HC/TX EVO da KG 25
010065HCEVOTXG,BETONFIX CR/HC/TX EVO da KG 25
010066,BETONFIX CR/RPD da KG 25
010068,BETONFIX R30 Bianco GG Kg 25
010070,BETONFIX RA da Kg 25
010073,BETONFIX R52 Bianco da Kg 25
010076,BETONFIX R30 Grigio GG. Kg 25
010079,BETONFIX FONDO da Kg 25
010085,BETONFIX DM DA Kg 5
010090,BETONFIX PL da KG. 20
010101,LIMEPOR 100 GEL da Kg 25
010102,LIMEPOR 100 FLP da Kg 25
010105,LIMEPOR MT da Kg 25
010107,LIMEPOR MT/F da KG. 25
010116,BETONFIX PRONTO DA KG 25
010116G,BETONFIX PRONTO DA KG 25
010123,LIMEPOR LGS DA KG 20
010123/B,LIMEPOR NHL/Z DA KG 20
010125,LIMEPOR FN da Kg 25
010126,LIMEPOR EDO da Kg 25
010134,LIMEPOR PLUS da Kg 25
010135,LIMEPOR SK da Kg 20
010135/LR,LIMEPOR SK - da Kg 20
010135B,LIMEPOR SK da Kg 20 impianto B
010136,LIMEPOR IZ 4 da Kg 4
010137,LIMEPOR IZ 8 da Kg 15
010162,KIMITECH BC DA KG 5
010163,KIMITECH BC DA KG 25
010164,KIMITECH AD DA KG 5
010165,KIMITECH AD DA KG 25
010166,BETONFIX 200 TH da Kg 20
010167,BETONFIX KIMIFER SP DA KG 20 IN SACCHI
010168G,LIMEPOR 100 da Kg 25
010168N,LIMEPOR 100 da Kg 25
010169,BETONFIX KIMIFER SP DA KG 5 IN SECCHI
010184,BETONFIX ETICS BIANCO da KG 25
010187,"LIMEPOR EDO 0,3 da Kg 25"
010189,LIMEPOR NHL 3.5 DA KG 25
010190,LIMEPOR NHL/Z FIBRATO KG 20
010194,BETONFIX 300 T01 da Kg 20
010200,LIMEPOR NHL 5 KG 25
010222,TECTORIA BVD da Kg 15
010244/LR,LIMEPOR MONO - da Kg 25
010248,TECTORIA M15/C da Kg 25
010253,TECTORIA DF da Kg 20
010254,TECTORIA TFT da Kg 25
010256,TECTORIA PMP/GF da Kg 25
010259,TECTORIA PMP 140 da Kg 25
010260,TECTORIA PMP 105 da Kg 25
010262N,TECTORIA M15 da Kg 25
010262S,TECTORIA M15 da Kg 25
010266,TECTORIA PMP 102 da Kg 25
010286N,TECTORIA M10 da Kg 25
010287/A,TECTORIA COCCIOFORTE PARTE A DA Kg 4
010287/B,TECTORIA COCCIOFORTE PARTE B DA Kg 1
010287/C,TECTORIA COCCIOFORTE PARTE C 1-3 Kg 25
010288/A,TECTORIA COCCIOFORTE PARTE A DA Kg 20
010288/B,TECTORIA COCCIOFORTE PARTE B  DA Kg 5
010291,BETONFIX FLC da KG 25
010303,TECTORIA PMP T1 da Kg 25
010307,BETONFIX 300 T4 da Kg 20
010309,TECTORIA PMP CIVITAS da Kg 25
010314,BETONFIX R30 GG FIBRATO BIANCO da Kg 25
010316,BETONFIX BT15 da Kg 25
010317,BETONFIX BT20 da Kg 25
010318,KIMITECH BC DA KG 200
010320,BETONFIX FB/R DA KG 25
010323,BETONFIX PRONTO FIBRATO DA KG 25
010323G,BETONFIX PRONTO FIBRATO DA KG 25
010327,KIMITECH BC DA KG 1000
010330,BETONFIX DM WINTER DA Kg 5
010331,BETONFIX DM SUMMER DA Kg 5
010333,BASIC INTONACO DA KG 25
010333G,BASIC INTONACO DA KG 25
010334,BETONFIX AL/F DA KG 25
010336,KIMISTEEL MX BETON DA KG 25
010338,BASIC MALTA M15 DA KG 25
010338G,BASIC MALTA M15 DA KG 25
010339,BASIC MALTA M15/F DA KG 25
010339F,BASIC MALTA M15/F DA KG 25
010339G,BASIC MALTA M15/F DA KG 25
010339P,BASIC MALTA M15/F DA KG 25 - imp/A
010340,BASIC INTONACO FIBRATO DA KG 25
010341,BASIC MALTA M5 DA KG 25
010341G,BASIC MALTA M5 DA KG 25
010342,BASIC MASSETTO SEMIRAPIDO DA KG 25
010342G,BASIC MASSETTO SEMIRAPIDO DA KG 25
010343,BASIC INIEZIONE DA KG 25
010343G,BASIC INIEZIONE DA KG 25
010344,TECTORIA PMP FIBRATO SFUSO
010345,BETONFIX 300 SR DA KG 20
010346,TECTORIA PMP 105 T1 DA KG 25
010351,BETONFIX RCA/S KG 25
010354,BASIC MASSETTO SEMIRAPIDO SFUSO
010356,BETONFIX 300 RAL 1015 KG 20
010359,BASIC INIEZIONE GEL DA KG 25
010360,BASIC RASANTE GRIGIO DA KG 25
010362,BETONFIX CR SFUSO
010363,LIMEPOR FX BIANCO da Kg 25
010366,BASIC MALTA M15/F SFUSO
010367,BASIC MALTA M15/F 115 SF DA KG 25
010368,BASIC MALTA M15 SFUSO
010369,LIMEPOR MT T3 da Kg 25
010371,BETONFIX MONOLITE UR DA KG 25
010373,BETONFIX MONOLITE N BEIGE DA KG 25
010374,BASIC MALTA M10 DA KG 25
010377,BETONFIX RS - FN T2 DA KG 25
010378,LIMEPOR REPAIR S da Kg 25
010380,TECTORIA PMP T6 DA KG 25
010382,BASIC MALTA M5 SFUSO
010383,BASIC INTONACO SFUSO
010384,TECTORIA TERMOFIX DA KG 12
010390,TECTORIA TERMOASCIUGA DA KG 20
010393,TECTORIA RZ DA KG 25
010393/ET,TECTORIA RZ da Kg 25
010394,TECTORIA MONO DA KG 25
010394/ET,TECTORIA MONO da Kg 25
010394/LR,TECTORIA MONO - da Kg 25
010395,LIMEPOR PMP da Kg 25
010396,BASIC MALTA R3 DA KG 25
010397,BETONFIX PL/S SFUSO
010401,TECTORIA PMP/F PSR1 DA KG 25
010402,TECTORIA PMP/F 105 DA KG 25
010403,TECTORIA PMP/F 115 - 3 DA KG 25
010404,LIMEPOR PMP CIVITAS da Kg 25
010405,LIMEPOR PMP 100 da Kg 25
010406,LIMEPOR PMP 101 da Kg 25
010407,LIMEPOR PMP 102 da Kg 25
010408,LIMEPOR PMP 105 da Kg 25
010409,LIMEPOR PMP 110 da Kg 25
010410,LIMEPOR PMP 140 da Kg 25
010411,LIMEPOR PMP CIVITAS/F da Kg 25
010412/A,LIMEPOR COCCIOFORTE PARTE A da Kg 4
010412/B,LIMEPOR COCCIOFORTE PARTE B da Kg 1
010412/C,LIMEPOR COCCIOFORTE PARTE C 1-3 da Kg 25
010413/C,LIMEPOR COCCIOFORTE PARTE C AVORIO Kg 25
010414/A,LIMEPOR COCCIOFORTE PARTE A DA Kg 20
010414/B,LIMEPOR COCCIOFORTE PARTE B DA Kg 5
010415,BETONFIX FB/AD da Kg 25
010416,BETONFIX FB/AD/F da Kg 25
010417,"BETONFIX ETICS BIANCO 0,8 da KG 25"
010418,LIMEPOR PMP/F 115 da Kg 25
010419,LIMEPOR PMP T1 da Kg 25
010420,BASIC MALTA M25 DA KG 25
010421,LIMEPOR PMP/F 115 T1 da Kg 25
010422,LIMEPOR PMP 105 M20 da Kg 25
010423,LIMEPOR PMP/F 116 da Kg 25
010424,LIMEPOR PMP/F BIANCO da Kg 25
010425,LIMEPOR PMP/F 140 da Kg 25
010426,LIMEPOR PMP CIVITAS FIBRATO da Kg 25
010427,LIMEPOR PMP PSR 2 da Kg 25
010428,LIMEPOR PMP 160 da Kg 25
010429,LIMEPOR PMP 160* da Kg 25
010430,BETONFIX BT20/F da Kg 25
010431,BASIC MALTA M15 RAPID DA KG 25
010432,"BETONFIX ETICS GRIGIO 0,8 da KG 25"
010433,LIMEPOR PMP CIVITAS M15 da Kg 25
010435,LIMEPOR PMP 105 LIGHT da Kg 25
010436,BETONFIX PL/S da KG 20
010437,LIMEPOR PMP CIVITAS RV 1-3 da Kg 25
010438,BETONFIX DM UNIVERSALE DA Kg 5
010439,TECTORIA M15* da Kg 25
010440,LIMEPOR EDO T4 da Kg 25
010441,LIMEPOR PMP/GF da Kg 25
010442,LIMEPOR PMP/F 110 da Kg 25
010443,LIMEPOR PMP CIVITAS LIGHT da Kg 25
010444,LIMEPOR EDO T1 da Kg 25
010445,LIMEPOR PMP PSR 1 da Kg 25
010446,LIMEPOR PMP FN/T3 da Kg 25
010447,LIMEPOR MT - M15 DA KG 25
010448,LIMEPOR MT/F T3 da Kg 25
010449,"LIMEPOR EDO 0,3 T4 da Kg 25"
010450,LIMEPOR PMP T2 - 4 da Kg 25
010451,LIMEPOR PMP/F 105 da Kg 25
010453,BETONFIX MONOLITE N BIANCO S.L. DA KG 20
010454,BETONFIX CR/HC EVO BIG BAG DA KG 1350
010455,"LIMEPOR EDO 0,6 C4 da Kg 25"
010456,TECTORIA M15/F SFUSO
010457,LIMEPOR PMP/F PSR 1 da Kg 25
010458,LIMEPOR PMP 204 da Kg 25
010460,BASIC MALTA M5 PLUS SFUSO
010461,LIMEPOR EDO 100 da Kg 25
010462,BETONFIX R30 BIANCO +3% NERO DA KG 25
010463,LIMEPOR EDO T1 GG da Kg 25
010464,LIMEPOR PMP T6 da Kg 25
010465,BASIC MALTA M20/F DA KG 25
010466,LIMEPOR PMP 105 LIGHT/F+CIVITAS/F Kg 25
010467,LIMEPOR PMP 105 NE Kg 25
010468,LIMEPOR EDO T2 da Kg 25
010469,LIMEPOR EDO 106 da Kg 25
010470,LIMEPOR PMP 115/F-3 Kg 25
010471,"LIMEPOR EDO 0,3 105 Kg 25"
010472,LIMEPOR PMP 205 Kg 25
010473,LIMEPOR PMP/F 209 Kg 25
010474,LIMEPOR PMP 105 NE NR Kg 25
010475,BASIC MALTA M15/F * DA KG 25
010476,"LIMEPOR EDO 0,6 108 Kg 25"
010477,"LIMEPOR EDO 0,6 109 Kg 25"
010478,LIMEPOR PMP T3 da Kg 25
010479/A,***BETONFIX AQM GG/ A DA KG 25***
010479/B,BETONFIX AQM GG/ B DA KG 1045
010480,LIMEPOR PMP 120 da Kg 25
010481,LIMEPOR EDO 113 da Kg 25
010481/C,LIMEPOR COCCIOFORTE PARTE C 0-1 MM Kg 25
010482,LIMEPOR PMP 105 RV da Kg 25
010483,LIMEPOR PMP/F 214 da Kg 25
010484,BASIC MALTA M10/F SFUSO
010485,LIMEPOR EDO 111 da Kg 25
010486,LIMEPOR PMP 220 da Kg 25
010487,LIMEPOR PMP 110 M15 da Kg 25
010488,LIMEPOR PMP/F 222 da Kg 25
010489,LIMEPOR PMP/F 224 da Kg 25
010490,BASIC INIEZIONE M5 DA KG 25
010491,LIMEPOR PMP 102 FIB da Kg 25
010492,BASIC INTONACO M5 FIBRATO SFUSO
010493,"LIMEPOR EDO 0,3 110 da Kg 25"
010494,LIMEPOR PMP 209 da Kg 25
010495,BASIC INTONACO FIBRATO SFUSO
010496,LIMEPOR PMP/F 220 da Kg 25
010497,LIMEPOR PMP/F 211 da Kg 25
010498,LIMEPOR EDO 113-3 da Kg 25
010499,LIMEPOR EDO 106-3 da Kg 25
010500,LIMEPOR EDO 123 da Kg 25
010501,BASIC INTONACO M5
010501G,BASIC INTONACO M5
010502,LIMEPOR 100-0 da Kg 20
010503,LIMEPOR PMP-0 da Kg 25
010504,BETONFIX RCA/F da Kg 25
010505,LIMEPOR PMP/F 105 LIGHT da Kg 25
010506,LIMEPOR PMP 229 da Kg 25
010507,LIMEPOR PMP 161 da Kg 25
010508,TECTORIA M15-0 DA KG 25
010509,BETONFIX CR 3 da KG 25
010510,LIMEPOR PMP/F 102 da Kg 25
010511,"BETONFIX 300 col. 221 da 1,2 mm da Kg.20"
010512,"BETONFIX 300 COCCIOPESTO da 1,2 mm Kg 20"
010513,LIMEPOR PMP PSR1 M15 da Kg 25
010514/C,LIMEPOR COCCIOFORTE PARTE C AVORIO BIG B
010515,LIMEPOR PMP 224 da Kg 25
010516,LIMEPOR PMP 116 da Kg 25
010517,LIMEPOR PMP 105 T1 da Kg 25
010518,LIMEPOR PMP CIVITAS/F FIB. da Kg 25
010519,TECTORIA 300 col. 221 da 1.2 mm kg 20
010520,BASIC MALTA M15/F 115 DA KG 25
010521,TECTORIA 300 BIANCO kg 20
010522,LIMEPOR PMP 105 LIGHT NRV da Kg 25
010523,LIMEPOR EDO 105 LIGHT Kg 25
010524,LIMEPOR EDO 112-1 Kg 25
010525,TECTORIA M15 BROWN DA KG 25
010526,LIMEPOR PMP 234 da Kg 25
010527,LIMEPOR PMP 140-1 da Kg 25
010528,LIMEPOR EDO 128 da Kg 25
010529,LIMEPOR PMP T1-1 da Kg 25
010530,LIMEPOR PMP 140 M15 da Kg 25
010531,LIMEPOR MONO da Kg 25
010532,LIMEPOR RZ da Kg 25
010533,LIMEPOR TREVI da Kg 20
010534,TECTORIA DEUMIDIFICA DA KG 20
010535,TECTORIA STRUTTURA DA KG 20
010536,TECTORIA AFFRESCO DA KG 4
010537,TECTORIA FINITURA DA KG 25
010538,TECTORIA INTONACO NHL DA KG 25
010539,TECTORIA NHL 3.5 DA KG 25
010540,BETONFIX PL SFUSO
010541,LIMEPOR PMP PSR4 M15 da Kg 25
010542,LIMEPOR EDO FIBRATO da Kg 25
010543,LIMEPOR PMP 225 da Kg 25
010544,TECTORIA M15/C PSR4 da Kg 25
010545,LIMEPOR PMP/F 233 da Kg 25
010546,BASIC INIEZIONE SFUSO
010547,LIMEPOR PMP/F T6 da Kg 25
010548,LIMEPOR PMP 140 T2 da Kg 25
010550,LIMEPOR SK 233 da Kg 20
010551,TECTORIA M15 140 DA KG 25
010552,BASIC INIEZIONE M20 DA KG 25
010553,LIMEPOR PMP M15 PSR 2 da Kg 25
010554,LIMEPOR PMP/F 239-2 da Kg 25
010555,LIMEPOR ALLEGGERITO TX da Kg 25
010556,LIMEPOR EDO 106-4 da Kg 25
010557,LIMEPOR EDO 133 da Kg 25
010558,LIMEPOR ALLEGGERITO da Kg 25
010559,LIMEPOR PMP 106-4 da Kg 25
010560,LIMEPOR LGS NHL 5 da Kg 20
010561,LIMEPOR EDO 136 da Kg 25
010562,BETONFIX MONOLITE N T5 LIGHT da KG 25
010563,LIMEPOR PMP 245-1 da Kg 25
010564,BETONFIX MONOLITE N 1.2 DA KG 25
010564/B,BETONFIX MONOLITE N 1.2 PARTE B DA KG 5
010565,LIMEPOR 100 M10 da Kg 25
010566,LIMEPOR 100 M5 da Kg 25
010567,BASIC INIEZIONE M10 DA KG 25
010568,LIMEPOR PMP 110 GG da Kg 25
010569,LIMEPOR PMP/F 234 da Kg 25
010570,BETONFIX CR B DA KG 25
010571,BETONFIX MONOLITE N BIANCO DA KG 25
010572,LIMEPOR PMP 233 da Kg 25
010573,LIMEPOR PMP 249-2 M15 da Kg 25
010574,LIMEPOR PMP PSR5/50 da Kg 25
010575,LIMEPOR EDO 224 da Kg 25
010576,LIMEPOR EDO PSR5/50 da Kg 25
010577,LIMEPOR PMP da Kg 25 impianto B
010578,LIMEPOR PMP/F 249-6 M15 DA KG 25
010579,LIMEPOR EDO 132 da Kg 25
010580,BETONFIX MONOLITE N SL GRIGIO DA KG 20
010581,BETONFIX MONOLITE N SKY BLUE DA KG 25
010582,LIMEPOR PMP/F 110 M15 DA KG 25
010583,LIMEPOR EDO 140 LIGHT Kg 25
010584,LIMEPOR PMP/F 255 A DA KG 25
010585,BASIC MALTA R3/F DA KG 25
010586,LIMEPOR PMP PSR 2 GG DA KG 25
010587,LIMEPOR PMP PSR 2 - 2 DA KG 25
010588,LIMEPOR EDO 1.2 da Kg 25
010589,LIMEPOR EDO 180 da Kg 25
010590,LIMEPOR PMP 257 DA KG 25
010591,LIMEPOR PMP AVORIO CHIARO DA KG 25
010592,LIMEPOR PMP AVORIO DA KG 25
010593,LIMEPOR PMP AVORIO COCCIOPESTO DA KG 25
010594,LIMEPOR PMP SABBIA/F DA KG 25
010595,LIMEPOR PMP ROSA ANTICO DA KG 25
010596,LIMEPOR PMP OCRA ROSATO DA KG 25
010597,LIMEPOR PMP GREIGE DA KG 25
010598,LIMEPOR PMP BEIGE CHIARO/F DA KG 25
010599,LIMEPOR PMP BEIGE NOCCIOLA DA KG 25
010600,LIMEPOR PMP TERRA DA KG 25
010601,LIMEPOR PMP ROSSO MATTONE DA KG 25
010602,LIMEPOR PMP 102 M15 da Kg 25
010603,"LIMEPOR EDO AVORIO 0,6 da Kg 25"
010604,"LIMEPOR EDO PIETRA SERENA 0,6 da Kg 25"
010605,"LIMEPOR EDO SABBIA 0,6 da Kg 25"
010606,"LIMEPOR EDO BEIGE 0,6 da Kg 25"
010607,"LIMEPOR EDO TERRA 0,6 da Kg 25"
010608,"LIMEPOR EDO CIPRIA DI CALCE 0,6 da Kg 25"
010609,"LIMEPOR EDO TERRA ETRUSCA 0,6 da Kg 25"
010610,"LIMEPOR EDO ROSSO POMPEI 0,6 da Kg 25"
010611,LIMEPOR PMP 227 da Kg 25
012009,KIMISTONE C 902 DA LT 5
012019,KIMISTONE C 957 DA LT 5
012020,KIMISTONE C 957 DA LT 25
012029,KIMISTONE C 10.10 DA LT 5
012030,KIMISTONE C 10.10 DA LT 25
012042,KIMISTONE GRAFIX MOOVE S DA LT 4
012049,KIMISTONE DEFENDER  DA LT5
012050,KIMISTONE DEFENDER DA LT25
012060,KIMISTONE KSE DA LT 5
012061,KIMISTONE KSE DA LT 25
012062,KIMISTONE KSF DA LT 5
012063,KIMISTONE KSF DA LT 25
012069,KIMISTONE K55 DA LT 5
012070,KIMISTONE K55 DA LT 25
012074,KIMISTONE K 10 DA LT 5
012075,KIMISTONE K 10 DA LT 25
012078,KIMISTONE ANTISMOG DA LT 5
012079,KIMISTONE ANTISMOG DA LT 25
012080,KIMISTONE IDROREP DA LT 25
012081,KIMISTONE IDROREP DA LT 5
012084,KIMISTONE BIOCIDA DA LT 5
012085,KIMISTONE BIOCIDA DA LT 25
012086,KIMISTONE BIOCIDA DA LT 200
012088,TECTORIA PMP/F 116 da Kg 25
012089,TECTORIA PMP/F 115 da Kg 25
012090,KIMISTONE IBASIL DA LT 5
012095,KIMISTONE IBASIL DA LT 25
012096,KIMISTONE K10 H2O DA LT 5
012097,KIMISTONE DEFENDER/I DA LT 25
012098,KIMISTONE ANTISMOG PLUS DA LT 25
018001,Trasporto con vettore SUSA
018002,Trasporto con vett. BARTOLINI
018003,Trasporto con vett. ORLANDO
018004,Trasporto con vett. LA CIVITA
018005,Trasporto con vett.ALBASERVICE
018006,Trasporto con vett.MARCELLETTI
018007,Trasporto con CENTRO EXPRESS
018008,Trasporto FRECCIA DELL'UMBRIA
018009,Trasporto vett. TRAINI&TORRESI
018010,Trasporto MELE SALVATORE
018011,Trasporto vettore MARCONI
018012,Trasporto a mezzo MITTENTE
018013,Trasporto con vettore O.M.T.
018015,Trasporto con vett. DUEMARI
018016,Trasporto con vettore DHL
018017,Trasporto vettore ROMANELLO
018018,Trasporto vettore LEONE
018019,Spese di trasporto
018020,Consegna con sponda
018021,Scarico con gru
018022,Spese di trasporto inoltro isola
018023,Spese di trasporto per reso
018024,Spese di trasporto Albaedile al kg
018025,Spese di trasporto Savise a quintale
018026,Spese di trasporto Domicar
018027,Spese di trasporto Savise a pedana
018028,Spese trasp.corriere espr.Palermo pedana
018029,Spese trasp.corr. espr.Palermo quintale
018030,Spese di imballaggio
018031,Spese per consegna a CS e provincia
018032,Spese per consegna a KR e provincia
018033,"Spese per consegna a CZ, VV e prov."
018034,Spese per consegna a RC e provincia
018035,Spese di trasporto Albaedile a pedana
018036,Spese di trasporto TDA EXPRESS a pedana
018037,Spese di posizionamento
018039,Spese di spostamento
018041,Spese distr. Cavaleri inferiore 1000kg
018042,Spese distr. Cavaleri superiore 1000 kg
018043,Spese di ritiro Silos
018044,Spese di trasporto doppio scarico
018045,Fuel surcharge
020005,KIMITECH EP-RG da KG 1
020010,KIMITECH EP-RG da KG 5
020015,KIMITECH EP-RG da KG 25
020020,KIMITECH EP-RG da KG 208
020021/A,KIMITECH EP-IS /A RAL 3009 da KG 20
020022,KIMITECH EP-RG DA KG 1000
020024/A,KIMITECH EP-IS /A da KG 5
020024/B,KIMITECH EP-IS /B da KG 1
020025/A,KIMITECH EP-IS /A da KG 20
020025/B,KIMITECH EP-IS /B da KG 4
020027/A,KIMITECH EP-IN /50 RES. Kg. 4
020027/B,KIMITECH EP-IN /50 IND. Kg. 1
020035/A,KIMITECH EP-IN RES. da KG 4
020035/B,KIMITECH EP-IN IND. da KG 2
020037/A,KIMITECH EP-IN /50 RES. Kg. 20
020037/B,KIMITECH EP-IN /50 IND. Kg. 5
020040/A,KIMITECH EP-IN RES. da KG 12
020040/B,KIMITECH EP-IN IND. da KG 6
020041/A,KIMITECH EP-AR Resina da KG 4
020041/B,KIMITECH EP-AR Indurente da KG 2
020044/A,KIMITECH EP-TX RES. da KG 5
020044/B,KIMITECH EP-TX IND. da KG 5
020045/A,KIMITECH EP-TX RES. da KG 10
020045/B,KIMITECH EP-TX IND. DA KG 10
020049/A,KIMITECH EP-TX/311 RES. da KG 5
020049/B,KIMITECH EP-TX/311 IND. da KG 5
020050/A,KIMITECH EP-TX/311 RES. da KG 10
020050/B,KIMITECH EP-TX/311 IND. da KG 10
020051/A,KIMITECH EP-IN/CMP RES. da KG 4
020051/B,KIMITECH EP-IN/CMP IND. da KG 2
020053/A,KIMITECH EP-IN/CMP RES. da KG 12
020053/B,KIMITECH EP-IN/CMP IND. da KG 6
020058/A,KIMIFLOOR VETRO RES. DA KG 4
020058/B,KIMIFLOOR VETRO IND. DA KG 2
020059/A,KIMIFLOOR VETRO RES. DA KG 12
020059/B,KIMIFLOOR VETRO IND. DA KG 6
020061/A,KIMITECH CMP RES. da KG 4
020061/B,"KIMITECH CMP IND. da KG 1,33"
020062/A,KIMITECH CMP RES. da KG 12
020062/B,KIMITECH CMP IND. da KG 4
020069,ADERFLEX KR C3 da KG 25
020077,ADERFLEX DK BIANCO da KG 25
020078,ADERFLEX DK GRIGIO da KG 25
020080,ADERFLEX BIANCO da KG 25
020085,ADERFLEX GRIGIO da KG 25
020088,ADERFLEX KR GRIGIO DA KG25
020089,ADERFLEX KR BIANCO DA KG25
020097,ADERFLEX RP GRIGIO da KG 25
020100,KIMITECH ELASTOFIX da KG 5
020105,KIMITECH ELASTOFIX da KG 25
020109/A,KIMITECH EXPANSIVE P RES. KG 25
020109/B,KIMITECH EXPANSIVE P IND. KG 30
022001/BIANCO,KIMIPAINT DECO BIANCO DA KG 25
022001/K10-15,KIMIPAINT DECO K10-15 DA KG 25
022001/K178-2,KIMIPAINT DECO K178-2 DA KG 25
022002/K7-1,KIMIPAINT EASY K7-1 DA LT 15
022002/NCS8500,KIMIPAINT EASY NCS S 8500 N DA LT 15
022003/K10.4,KIMIPAINT SIL TOP K10-4 DA KG 25
022004/BIANCO,"KIMIPAINT DECOSIL BIANCO 1,5 MM DA KG 25"
022004/K19-9,KIMIPAINT DECOSIL K19-9 DA KG 25
022004/K22-10,KIMIPAINT DECOSIL K22-10 DA KG 25
022005,KIMIPAINT SIL-BASE DA KG 15
027001,BETONFIX TERMORASA GRIGIO DA KG 25
027002,BETONFIX TERMORASA BIANCO DA KG 25
027003/100,KIMITHERM EPS100 sp. 100 mm
027003/120,KIMITHERM EPS100 sp. 120 mm
027003/20,KIMITHERM EPS100 sp. 20 mm
027003/30,KIMITHERM EPS100 sp. 30 mm
027003/40,KIMITHERM EPS100 sp. 40 mm
027003/60,KIMITHERM EPS100 sp. 60 mm
027003/70,KIMITHERM EPS100 sp. 70 mm
027003/80,KIMITHERM EPS100 sp. 80 mm
027004/110,KIMITHERM T-CONNECT da 110 mm
027004/130,KIMITHERM T-CONNECT da 130 mm
027004/150,KIMITHERM T-CONNECT da 150 mm
027004/155,KIMITHERM T-CONNECT da 155 mm
027004/180,KIMITHERM T-CONNECT da 180 mm
027004/90,KIMITHERM T-CONNECT da 90 mm
027005/100,KIMITHERM ALU START da 100 mm
027005/120,KIMITHERM ALU START da 120 mm
027005/30,KIMITHERM ALU START da 30 mm
027005/40,KIMITHERM ALU START da 40 mm
027005/60,KIMITHERM ALU START da 60 mm
027005/80,KIMITHERM ALU START da 80 mm
027007,KIMITHERM CORNER-PVC 80x120 mm
027009,KIMITHERM DROP-PVC
027010,BETONFIX TERMORASA BIANCO GG FIB. KG 25
027011/120,KIMITHERM XPS sp. 120 mm
027012/80,KIMITHERM EPS120 sp. 80 mm
027013,BETONFIX TERMORASA BIANCO GG KG 25
030064,FLUIMAX 2HS DA KG 5
030065,FLUIMAX 2HS da KG 25
030070,FLUIMAX 2HS da KG 220
030080,FLUIMAX 2HS cisterna 1100 Kg
030090,ANTIEVAPORANTE W da KG 25
030091,ANTIEVAPORANTE W da KG 5
030108,FLUIMAX 23 DA KG 5
030116,FLUIMAX IPER da KG 5
030132,KIMITECH AC DA KG 250
030165,IDROMIX da Kg 10
030170,STABILBET da KG 25
030171,ESPANBET da KG 15
030176,KIMITECH AC DA KG 5
040001,KIMITECH ACR da KG 5
040002,KIMITECH ACR da KG 25
040045/A,"KIMITECH K40 BIANCO RES. KG 1,5"
040045/B,KIMITECH K40 BIANCO IND. KG 6
040080,KIMITECH K 60 da KG 5
040085,KIMITECH K 60 da KG 25
040086,KIMICOVER K 80 ROSSO Kg.25
040089,KIMICOVER K 80 ROSSO Kg. 1000
040090/A,KIMICOVER FIX RES. da Kg 1.3
040090/B,KIMICOVER FIX IND. da Kg 4.7
040091/A,KIMICOVER FIX RES. da Kg 4
040091/B,KIMICOVER FIX IND. da Kg 14
040092,KIMICOVER BLINDO GRIGIO KG 25
040093,KIMICOVER BLINDO ROSSO KG 25
040095,KIMICOVER BLINDO BIANCO 9003 KG 25
040100,KIMICOVER BLINDO GRIGIO 7044 da 25
040100T,KIMICOVER BLINDO GRIGIO 7044 da 25
040103,KIMICOVER BLINDO GRIGIO 7032 KG 25
040108,KIMICOVER BLINDO RAL 7042 KG 25
040108V,KIMICOVER BLINDO RAL 7042 KG 25
040112,KIMICOVER BLINDO RAL 1015 KG 25
040112V,KIMICOVER BLINDO RAL 1015 KG 25
040155,KIMICOVER BLINDO 1013 KG 25
040156,KIMICOVER JOINT
040157,KIMICOVER JOINT P
040158,KIMICOVER BLINDO NEUTRO KG 25
040159/A,KIMITECH HLA NEUTRO RES. KG 25
040159/B,KIMITECH HLA NEUTRO IND. KG 5
040160/A,KIMITECH HLA NEUTRO RES. KG 5
040162/A,KIMITECH HLA BIANCO 9010 RES. KG 25
040162/B,KIMITECH HLA BIANCO 9010 IND. KG 5
040163/A,KIMITECH HLA GRIGIO RES. KG 25
040163/B,KIMITECH HLA GRIGIO IND. KG 5
040169/A,KIMITECH HLA 7030 RES. KG 25
040171/A,KIMITECH HLA ROSSO RES. KG 5
040173/A,KIMITECH HLA BIANCO 9010 RES KG. 5
040178/A,KIMITECH HLA 7032 RES. KG 5
040188,KIMICOVER BLINDO 1014 KG 25
040193/A,KIMITECH HLA 7001 RES. KG 25
040200/A,KIMITECH HLA RESINA 3020 DA KG 25
040202/A,KIMITECH HLA RESINA 5012 DA KG 25
040202V/A,KIMITECH HLA RESINA 5012 DA KG 25
040204,KIMICOVER BLINDO 5024 KG 25
040204T,KIMICOVER BLINDO 5024 KG 25
040210,KIMITECH B2 da 5 Kg
040211/A,KIMITECH HLA 1001 RES. KG 25
040215,KIMITECH B2 da 25 Kg
040222/A,KIMITECH HLA GRIGIO 7035 RESINA KG 25
040229/A,KIMITECH HLA 1015 RES. KG 25
040229T/A,KIMITECH HLA 1015 RES. KG 25
040231/A,KIMICOVER FIX MV RESINA da Kg 1.3
040231/B,KIMICOVER FIX MV INDURENTE da Kg 4.7
040241/A,KIMITECH HLA GRIGIO 7035 RES. KG 5
040242/A,KIMICOVER FIX MV RESINA da Kg 4
040242/B,KIMICOVER FIX MV INDURENTE da Kg 14
040249,KIMICOVER BLINDO 7016 KG 25
040249V,KIMICOVER BLINDO 7016 KG 25
040261/B,KIMITECH K40 NF BASE B. COL.IND KG 20
040263/B,KIMITECH K40 NF NEUTRO IND. KG 20
040265,KIMICOVER BLINDO RAL 7040 DA KG 25
040265/B,KIMITECH K40 NF RAL 6002 IND KG 4
040265V,KIMICOVER BLINDO RAL 7040 DA KG 25
040267/B,KIMITECH K40 NF RAL 7015 IND KG 4
040270/A,KIMITECH HLA BASE B. COL. RESINA KG. 5
040271/A,KIMITECH HLA BASE B. COL. RESINA KG. 25
040279/A,KIMITECH HLA 1013 RESINA DA KG 5
040288/A,KIMITECH HLA 7047 RESINA DA KG 5
040288T/A,KIMITECH HLA 7047 RESINA DA KG 5
040289,KIMICOVER BLINDO BIANCO 9010 DA KG 25
040289V,KIMICOVER BLINDO BIANCO 9010 DA KG 25
040290V/A,KIMITECH HLA NCS S 2002-Y RES. KG 5
040300,KIMITECH F3 cart. da 380 ml
040302/A,KIMITECH HLA RAL 7045 RES. KG 25
040305,BECCUCCI KIMITECH F3
040309/B,KIMITECH K40 NF 7042 IND KG 4
040312/B,KIMITECH K40 NF IT 37-5 IND KG 4
040328,KIMICOVER BLINDO RAL 7045 KG 25
040332/A,KIMITECH HLA RESINA 5012 DA KG 5
040333/A,KIMITECH HLA RESINA 1021 DA KG 5
040334/B,KIMITECH K40 NF RAL 5012 IND KG 4
040343,KIMICOVER BLINDO 9002 da KG 25
040343T,KIMICOVER BLINDO 9002 da KG 25
040344,KIMICOVER BLINDO 1018 da KG 25
040345/B,KIMITECH K40 NF 1003 IND KG 4
040347/B,KIMITECH K40 NF 7044 IND KG 4
040347V/B,KIMITECH K40 NF 7044 IND KG 4
040351,KIMICOVER BLINDO 5015 da KG 25
040352/B,KIMITECH K40 NF 7040 IND KG 20
040352V/B,KIMITECH K40 NF 7040 IND KG 20
040355/B,KIMITECH K40 NF 7040 IND KG 4
040355V/B,KIMITECH K40 NF 7040 IND KG 4
040356,KIMICOVER BLINDO 5012 da kg 25
040357/B,KIMITECH K40 NF 9001 IND KG 4
040358/B,KIMITECH K40 NF 7043 IND KG 4
040359/B,KIMITECH K40 NF 7032 IND KG 4
040359V/B,KIMITECH K40 NF 7032 IND KG 4
040363,KIMICOVER BLINDO 7035 KG 1100
040364/A,KIMITECH K40 AP BIANCO RES KG 1
040364/B,KIMITECH K40 AP BIANCO IND KG 4
040365/A,KIMITECH K40 AP GIALLO RES KG 5
040365/B,KIMITECH K40 AP GIALLO IND KG 1
040369/B,KIMITECH K40 NF 1015 IND. KG 4
040371/A,KIMITECH K40 AP BIANCO RES KG 5
040371/B,KIMITECH K40 AP BIANCO IND KG 20
040373,KIMICOVER BLINDO 7030 da 25
040373V,KIMICOVER BLINDO 7030 da 25
040374,KIMICOVER BLINDO 7006 da 25
040377/B,KIMITECH K40 NF 1013 IND KG 4
040377V/B,KIMITECH K40 NF 1013 IND KG 4
040378/A,KIMITECH HLA 7000 RES. KG 25
040382/B,KIMITECH K40 NF 7037 IND KG 20
040387/A,KIMICOVER FIX MV 7040 RES da Kg 1.3
040387/B,"KIMICOVER FIX MV 7040 IND da Kg 4,7"
040389/B,KIMITECH K40 NF 7030 IND KG 4
040390/B,KIMITECH K40 NF 9002 IND KG 4
040395,KIMICOVER BLINDO RAL 2002 KG 25
040395T,KIMICOVER BLINDO RAL 2002 KG 25
040401,KIMICOVER BLINDO 1020 KG 25
040401V,KIMICOVER BLINDO 1020 KG 25
040403/B,KIMITECH K40 NF 1015 IND KG 20
040415,KIMICOVER BLINDO 1019 KG 25
040417,KIMITECH K 60 da KG 1000
040422,KIMICOVER BLINDO RAL 1002 KG 25
040422V,KIMICOVER BLINDO RAL 1002 KG 25
040424,KIMICOVER BLINDO RAL 7036 KG 25
040424V,KIMICOVER BLINDO RAL 7036 KG 25
040427V/B,KIMITECH K40 NF RAL 5024 IND KG 20
040430/B,KIMITECH K40 NF 7036 IND KG 4
040436/B,KIMITECH K40 NF 7038 IND KG 20
040443/B,KIMITECH K40 NF IT 168.5 IND KG 4
040449,KIMICOVER BLINDO RAL 7004 KG 25
040450T,KIMICOVER BLINDO RAL 7038 KG 25
040451,KIMICOVER BLINDO RAL 8000 KG 25
040451VAL,KIMICOVER BLINDO RAL 8000 KG 25
040452,***KIMITECH EPOXY CTR*** NON UTILIZZARE
040452N,***KIMITECH EPOXY CTR da 470 ml***
040453,KIMICOVER BLINDO RAL 6019 KG 25
040455,KIMICOVER BLINDO RAL 9002 KG 1100
040457,KIMICOVER BLINDO RAL 9005 KG 25
040459,KIMICOVER BLINDO IT 97-2 KG 25
040466,KIMICOVER BLINDO IT 122.4 KG 25
040468/B,KIMITECH K40 NF RAL 1014 IND. KG 4
040474,KIMICOVER BLINDO RAL 5010 KG 25
040481/B,KIMITECH K40 NF RAL 7044 IND. KG20
040481V/B,KIMITECH K40 NF RAL 7044 IND. KG20
040483/B,KIMITECH K40 NF RAL 7047 IND. KG 4
040486,KIMICOVER BLINDO RAL 9001 da 25
040487/B,KIMITECH K40 NF IT 126.3 IND. KG 4
040490T/B,KIMITECH K40 NF RAL 9003 IND. KG 4
040493V/B,KIMITECH K40 NF RAL 5015 IND. KG 4
040499,KIMICOVER BLINDO GRIGIO 1179 da 25
040502V/A,KIMITECH HLA RAL 7042 RES. KG 25
040507/B,KIMITECH K40 NF RAL 9016 IND KG 4
040507V/B,KIMITECH K40 NF RAL 9016 IND KG 4
040508T,KIMICOVER BLINDO RAL 7039 da 25
040509,CONSOLIDANTE ACRILICO 1 K OPACO DA KG 25
040511,KIMITECH VINYL CTR DA 400ML
040513V,KIMICOVER BLINDO IT 53.1 da 25
040514,KIMICOVER BLINDO RAL 9016 da 25
040521,KIMICOVER BLINDO RAL 9002 da KG 200
040522,KIMICOVER BLINDO RAL 7013 da KG 25
040523,KIMICOVER BLINDO RAL 8019 da KG 5
040525/B,KIMITECH K40 NF RAL 3005 IND KG 4
040526,KIMICOVER BLINDO RAL 7031 da KG 25
040527,KIMICOVER BLINDO RAL 8025 da KG 25
040527/B,KIMITECH K40 NF RAL 9006 IND KG 4
040528/B,KIMITECH K40 NF RAL 1023 IND KG 4
040529V/A,KIMITECH HLA RAL 2001 RES. KG 25
040530/A,KIMITECH HLA RAL 7012 RES. KG 25
040530/B,KIMITECH K40 NF RAL 9010* IND KG 20
040534,KIMICOVER BLINDO RAL 7046 da KG 25
040535/B,KIMITECH K40 NF F.7.31.80 IND KG 4
040537,KIMICOVER BLINDO RAL 7043 da KG 25
040537V,KIMICOVER BLINDO RAL 7043 da KG 25
040538V/B,KIMITECH K40 NF RAL 7012 IND KG 4
040539/B,KIMITECH K40 NF RAL 1021 IND KG 4
040540,KIMICOVER BLINDO IT 147.6 da KG 25
040541/B,KIMITECH K40 NF RAL 7006 IND KG 4
040542V,KIMICOVER BLINDO S 5010-Y50R da KG 25
040543,KIMICOVER BLINDO IT 149.7 da KG 25
040544,KIMICOVER BLINDO RAL 320-2 da KG 25
040544V,KIMICOVER BLINDO RAL 320-2 da KG 25
040545/B,KIMITECH K40 NF RAL 5015 IND KG 20
040545V/B,KIMITECH K40 NF RAL 5015 IND KG 20
040546,KIMICOVER BLINDO IT 93.1 da KG 25
040547,KIMICOVER BLINDO IT 93.2 da KG 25
040548/A,KIMITECH HLA RAL 6013 RES. KG 25
040549/B,KIMITECH K40 NF AZZ.PARMALAT IND KG 4
040550/B,KIMITECH K40 NF IT 60.3 IND KG 4
040551,KIMICOVER BLINDO IT 141.6 da KG 25
040553/B,KIMITECH K40 NF RAL 7006 IND KG 20
040554,KIMICOVER BLINDO NCS S0505-G80Y da KG 25
040555,KIMICOVER BLINDO NCS S0505-G80Y KG 1000
040556,KIMICOVER BLINDO RAL 3011 DA KG 25
040557/B,KIMITECH K40 NF RAL 7047 IND KG 20
040557V/B,KIMITECH K40 NF RAL 7047 IND KG 20
040558,KIMICOVER BLINDO RAL 4010 DA KG 25
040559,KIMICOVER BLINDO MIL 022 DA KG 25
040560/B,KIMITECH K40 NF RAL 3031 IND KG 20
040561V/A,KIMITECH HLA RAL 7012 RES. KG 5
040562,KIMICOVER BLINDO NCS S0505-G80Y KG 650
040563,KIMICOVER BLINDO GRIGIO 7032 KG 800
040564,KIMICOVER BLINDO GRIGIO 7035 KG 800
040566,KIMICOVER BLINDO GRIGIO 7032 KG 900
040567/B,KIMITECH K40 NF NCS S1002-B IND KG 4
040569/A,KIMITECH HLA IT 148-5 +25% RES. KG 5
040570/A,KIMITECH HLA IT 148-5 +25% RES. KG 25
040572/B,KIMITECH K40 NF RAL 1013 IND KG 20
040572V/B,KIMITECH K40 NF RAL 1013 IND KG 20
040574/A,KIMICOVER FIX MV GRIGIO RES da Kg 1.3
040574/B,"KIMICOVER FIX MV GRIGIO IND da Kg 4,7"
040577,KIMICOVER BLINDO RAL 7037 DA KG 25
040577V,KIMICOVER BLINDO RAL 7037 DA KG 25
040578/B,KIMITECH K40 NF RAL 7030 IND KG 20
040578V/B,KIMITECH K40 NF RAL 7030 IND KG 20
040579/B,KIMITECH K40 NF RAL 3002 IND KG 4
040580,KIMICOVER BLINDO RAL 1003 DA KG 25
040581/B,KIMITECH K40 NF IT148.2 IND KG 4
040582/B,KIMITECH K40 NF 9003 OPACO IND KG 4
040583/B,KIMITECH K40 NF ROSSO IND KG 20
040584,KIMICOVER BLINDO RAL 7009* DA KG 25
040587/A,KIMITECH HLA RAL 3011 RES. KG 5
040587T/A,KIMITECH HLA RAL 3011 RES. KG 5
040588,KIMICOVER BLINDO 8149-1 DA KG 25
040589/B,KIMITECH K40 NF 5017 IND KG 4
040590/A,KIMITECH HLA RAL 4002 RES. KG 25
040591/A,KIMITECH HLA RAL 7016 RES. KG 5
040592/B,KIMITECH K40 NF 1002 IND KG 4
040593/B,KIMITECH K40 NF IT 141-1 IND KG 4
040594/B,KIMITECH K40 NF IT 148-1 IND KG 4
040595/B,KIMITECH K40 NF 149-7 IND KG 4
040596/B,KIMITECH K40 NF RAL 7002 IND KG 4
040597/B,KIMITECH K40 NF IT 129-1 IND KG 4
040598/B,KIMITECH K40 NF IT 38-1 IND KG 4
040599/B,KIMITECH K40 NF IT 37-1 IND KG 4
040600/B,KIMITECH K40 NF IT 145-1 IND KG 4
040601/B,KIMITECH K40 NF IT 98-5 IND KG 4
040602/B,KIMITECH K40 NF IT 124-1 IND KG 4
040603/B,KIMITECH K40 NF IT 38-3 IND KG 4
040604/A,KIMITECH HLA RAL 7047 RES. KG 25
040604/B,KIMITECH K40 NF RAL 8001 IND KG 4
040605,KIMICOVER BLINDO RAL 5009 DA KG 25
040605V,KIMICOVER BLINDO RAL 5009 DA KG 25
040606,KIMICOVER BLINDO RAL 7032 CS DA KG 25
040607/A,KIMITECH HLA RAL 7030 RES. KG 5
040608/A,KIMITECH HLA RAL 7036 RES. KG 5
040609,KIMICOVER BLINDO RAL 6018 DA KG 25
040610,KIMICOVER BLINDO RAL 2012 DA KG 25
040611,KIMICOVER BLINDO RAL 6017 DA KG 25
040611V,KIMICOVER BLINDO RAL 6017 DA KG 25
040612,KIMITECH EPOXY CTR da 585 ml
040613,KIMICOVER BLINDO RAL 6021 DA KG 25
040614/A,KIMITECH HLA RAL 7044 RES. KG 5
040615,KIMICOVER BLINDO RAL 7022 DA KG 25
040616,KIMIC. BLINDO NCS S 2005-Y10R DD KG 25
040616V,KIMIC. BLINDO NCS S 2005-Y10R DD KG 25
040617,KIMIC. BLINDO NCS S0804-Y30R KG 25
040618,KIMIC. BLINDO NCS S 0505 Y 10R DA KG 25
040619/B,KIMITECH K40 NF RAL 7005 IND KG 4
040620/A,KIMITECH HLA RAL 7000 RES. KG 25
040621/A,KIMITECH HLA RAL 5002 RES. KG 25
040622,KIMICOVER BLINDO RAL 5005 DA KG 25
040623,KIMICOVER BLINDO RAL 2008 DA KG 25
049000,RACCOGLITORE KIMIA
049001,BROCHURE AZIENDALE
049002,CATALOGO LIMEPOR
049003,PIEGHEVOLE A FINESTRA LIMEPOR
049004,CATALOGO KIMISTONE
049005,PIEGHEVOLE FINESTRA KIMISTONE
049006,CATALOGO KIMICOVER AMIANTO
049007,PIEGHEVOLE FINESTRA KIMICOVER AMIANTO
049008,CATALOGO GENERALE
049010,LISTINO PREZZI
049016,CARTELLE FUSTELLATE
049017,BLOCCO NOTES
049018,BROCHURE AZIENDALE Inglese
049019,CATALOGO LIMEPOR Inglese
049020,PIEG.FINESTRA LIMEPOR Inglese
049021,CATALOGO KIMISTONE Inglese
049022,PIE.FINESTRA KIMISTONE Inglese
049023,CATALOGO KIMICOVER Inglese
049024,SCATOLE PER CAMPIONI LIMEPOR
049025,CATALOGO GENERALE INGLESE
049027,BESSALE TECTORIA
049033,CARTELLE FUSTELLATE TECTORIA
049034,"PIEGHEVOLE FIN. ""SIC NON TRAN"""
049035,BLOCCHI NOTES TECTORIA
049036,PENNE KIMIA
049038,KIT DIAGNOSTICO
049039,PIEGHEVOLI KIMITECH spagnolo
049040,PIEGHEVOLI KIMIA spagnolo
049041,PIEGHEVOLI LIMEPOR spagnolo
049042,PIEGHEVOLI KIMISTONE spagnolo
049043,CATALOGO BETONFIX
049044,CATALOGO KIMITECH
049045,BROCHURE KIMIA spagnolo
049046,CATALOGO LIMEPOR spagnolo
049047,CATALOGO KIMICOVER
049049,PIEG. FINESTRA KIMITECH Inglese
049050,PIEG. FIN. SIC NON TRANS. Inglese
049051,PIEGHEVOLE FIN. KIMITECH
049052,QUAD.TECN.OPERE IN C.A.
049053,QUAD.TECN.CONS.STRUTT.MURARIE
049054,CD COMPLETO KIMIA
049055,CATALOGO KIBITERM
049056,PIEGHEVOLE A FINESTRA KIBITERM
049057,CATALOGO TECTORIA
049058,CAMPIONI BETONFIX GS5
049059,CAMPIONI KIMICOVER JOINT
049060,SCATOLA PER RACCOGLITORI
049061,CATALOGO TECTORIA spagnolo
049062,CATALOGO KIMISTONE  spagnolo
049063,PIEGHEVOLE KIMISTEEL
049064,CATALOGO KIMISTEEL
049065,PIEGHEVOLE TECTORIA PMP
049067,PIEGHEVOLE A FINESTRA BETONFIX
049068,PIEGHEVOLE A FINESTRA KIMICOVER
049069,CATALOGO BETONFIX Spagnolo
049070,CAMPIONI BETONFIX GS UNO
049073,PIEG. BETONFIX IN SPAGNOLO
049074,CATALOGO GENERALE PRODOTTI
049074/ENES,CATALOGO GENERALE PRODOTTI EN/ES
049075,PIEGHEVOLE SETTORE INDUSTRIA
049076,CARTELLE COLORI FUGAFLEX EVO
049077,PORTACAMPIONI KIMIFLOOR
049078,MAZZETTA COLORI KIMIFLOOR
049079/ES,CATALOGO GENERALE SPAGNOLO
049080,PIEGHEVOLE SETTORE RESIDENZIALE
049081,PIEGHEVOLE KIMIFLOOR
049082,PIEGHEVOLE BETONFIX MONOLITE
049083,PIEGHEVOLE SETTORE MONUMENTALE
049084,ROLL-UP
049085,CATALOGO GENERALE RUMENO
049086,TOTEM KIMIA CUBOTTI
049087,DOCUMENTO APPLICATIVO WALLMESH
049088,DOC. APPLICATIVO TECTORIA COCCIOFORTE
049089,CATALOGO IMPERMEABILIZZANTI
049090,KIT ANTICARBONATAZIONE
049091,BROCHURE PROGETTISTI
049092,PRONTUARIO MESSA IN SICUREZZA
049093,CATALOGO INFRASTRUTTURE
049095,PIEGHEVOLE BETONFIX ES/EN
049096,PIEGHEVOLE COMPOSITI ES/EN
049098,PIEGHEVOLE CALCI E PROTETTIVI ES/EN
049099,PIEGHEVOLE A4 FRP
049100,PIEGHEVOLE 4 ANTE RIPRISTINO CLS
049100/ENES,PIEGHEVOLE 4 ANTE RIPRISTINO CLS ENG/ESP
049101,PIEGHEVOLE 4 ANTE RESTAURO
049101/ENES,PIEGHEVOLE 4 ANTE RESTAURO ENG/ESP
049102,PIEGHEVOLE 4 ANTE KIMITECH
049102/ENES,PIEGHEVOLE 4 ANTE KIMITECH ENG/ESP
049103,PIEGHEVOLE 4 ANTE NON STRUTTURALE
049103/ENES,PIEGHEVOLE 4 ANTE NON STRUTTURALE ENG/ES
049104,PIEGHEVOLE A4 ADERFLEX
049105,PIEGHEVOLE A4 ADERFLEX spagnolo
049106,PIEGHEVOLE A4 CRM
049107,PIEGHEVOLE A4 FRCM
049108,PIEGHEVOLE A4 TECTORIA
049109,PIEGHEVOLE A4 LIMEPOR
049110,PIEGHEVOLE A4 KIMITHERM
049111,PIEGHEVOLE A4 IMPERMEABILIZZANTI
049112,SEGNALIBRI IN DUE CAMBIAMENTI
049204,MAZZETTA COLORI KIMIPAINT
049205,CATALOGO GENERALE LAVORAZIONI
049206,BROCHURE EDILIZIA MODERNA
049207,BROCHURE RESTAURO
049208,BROCHURE RINFORZO STRUTTURALE
049209,GYMSAC
049210,QUADERNO BLU KIMIA
049211,CAMPIONE FIERE FRP CA
049212,CAMPIONE FIERE FRP MURATURA
049213,CAMPIONE FIERE BASALTO 200
049214,CAMPIONE FIERE GLV
049215,CAMPIONE FIERE CRM CA
049216,CAMPIONE FIERE LAMINA FRP
049217,CAMPIONE FIERE RIPRISTINO MONOLITE
049218,CAMPIONE FIERE RIPRISTINO FB RS
049219,CAMPIONE FIERE IMPERMEABILIZZANTE GUAINA
049220,CAMPIONE FIERE IMPERMEABILIZZANTE 601P
049221,CAMPIONE FIERE HCR
049222,CAMPIONE FIERE CR
049223,CAMPIONE FIERE COCCIOFORTE AVORIO
049224,CAMPIONE FIERE COCCIOFORTE ROSSO
049225,CAMPIONE FIERE DEUMIDIFICANTE MONO
049226,CAMPIONE FIERE DEUMIDIFICANTE PLURI
049227,CAMPIONE FIERE INTONACI PMP
049228,CAMPIONE FIERE BASALTO 400
049229,CAMPIONE FIERE INOX 800
049230,CAMPIONE FIERE CRM MURATURA
049231,CAMPIONE FIERE RASANTI
049232,ZAINETTO KIMIA
049233,SHOPPER KIMIA ITALIANO
049234,PENNE PRODIR
049235,BROCHURE LINEA 0 CEMENTO
049236,BROCHURE SINTESI 45 SISTEMI 2025
049237,MATITE DA CANTIERE
049238,BLOCCO A5
049239,A-BANCONE CORTO LUNGHEZZA 120 CM
049240,B-BANCONE CORTO LUNGHEZZA 120 CM
049241,C-BANCONE CORTO LUNGHEZZA 120 CM
049242,D-BANCONE CORTO LUNGHEZZA 120 CM
049243,E-BANCONE CORTO LUNGHEZZA 120 CM
049244,F-BANCONE CORTO LUNGHEZZA 120 CM
049245,BANCONE LUNGHEZZA 170 CM
049246,VETRO PER BANCONE
049247,DESK CARTONATO KIMIA H 100 CM
049248,BANCONE DI APPOGGIO CM 105x35 H 100
049249,SHOPPER KIMIA INGLESE
049250,ANGOLARE PER BANCONE
049251,CAMPIONE TECTORIA DEUMIDIFICA+FINITURA
049252,CAMPIONE INTONACI PMP_2
049253,CAMPIONE RASANTI_2
049254,CAMP. CRM TECTORIA M15 RETI SEMIRIGIDE
049255,CAMPIONE CRM BASIC M15 RETI RIGIDE 33
049256,CAMPIONE CRM BASIC M15 RETI RIGIDE 66
049257,CAMPIONE CRM BASIC M15 RETI RIGIDE 99
049258,CAMPIONE INOX 800_2
049259,CAMPIONE FRP_2
049260,CAMPIONE TECTORIA STRUTTURA
049261,CAMPIONE PULITORI/CONSOLIDANTI
049262,PROVINO RIVOTORTO
049263,CAMP. CRM BASIC M15 RETI SEMIRIGIDE
049264,CAMPIONE CRM BASIC M15 RETI SEMIRIGIDE
049265,TAVOLINO LOGO KIMIA
049266,VETRO PER TAVOLINO LOGO KIMIA
049267,CAMP. RIPRISTINI VERT.
049268,CAMP. RINF. SOLAI VERT.
049269,CAMP. RINF. FRP VERT. CAMOR.
049270,CAMP. INTONACI VERT. TECTORIA
049271,CAMP. VERT. COCCIO ROSSO
049272,CAMP. RINF. FRCM VERT. BASALTO
049273,CAMP. RINF. CRM VERT. RETI RIGIDE
049274,CAMP. RINF. FRP VERT. CLS
049275,TOTEM TOUCH MARTINI
049276,DESK RECEPTION BIANCO CON VETRO 2025
049277,FIORIERA BIANCA 2025
049278,PLINTO BIANCO H 90-40 x 40 MDF 2025
049279,LIGHT BOX CON FOTO 2025
049280,LOGO KIMIA IN MDF 2025
049281,LOGO KIMIA IN MDF LUMINOSO 2025
049282,PORTADEPLIANT 2 MT 4 TASCHE
049283,TECA PER PROVINO RIVOTORTO
049284,CAMP. FRP CANNICCIO CM 30x40
049285,CAMP. RASATURA-EDO COLORATI CM 20x40
049286,BROCHURE A5 SOLUZIONI PER IL RESTAURO
049287,BROCHURE A5 IL COLORE PRENDE FORMA IT/EN
049288,BROCHURE A4 STADIO MARMI - FORO ITALICO
049289,BROCHURE A4 SANTA MARIA DELLO SPASIMO
050000,KIMICOVER BLINDO 3022 KG 25
050001,KIMICOVER K 80 BLU Kg.25
050002,KIMICOVER K 80 BLU Kg. 1000
050006/A,"KIMITECH EC PARTE A KG 1,3"
050006/B,"KIMITECH EC PARTE B KG 4,7"
050010,KIMIFLOOR ECO BASE DARK DA KG 25
050011,KIMIFLOOR ECO BASE LIGHT DA KG 25
050015/A,"KIMICOVER 115 GRIGIO RES KG5,5"
050015/B,"KIMICOVER 115 GRIGIO IND KG0,5"
050083,KIMICOVER LASTIC GRIGIO DA KG 25
050084,KIMICOVER LASTIC ROSSO KG 25
050087,KIMICOVER LASTIC BIANCO Kg. 25
050092,KIMICOVER LASTIC GRIGIO KG 5
050093,KIMICOVER LASTIC ROSSO KG 5
050095,KIMICOVER 501 GRIGIO DA KG 5
050105,KIMICOVER 501 ROSSO DA KG 5
050109/A,KIMICOVER 301 NF TRASP.SATINATO RES KG4
050110,KIMICOVER 501 GRIGIO DA KG 25
050112/A,KIMIFLOOR ECO FINITURA PLUS OPACO/A KG 3
050112/B,"KIMI. ECO FINITURA PLUS OPACO/B KG 0,855"
050113/A,KIMIF. ECO FINITURA PLUS SATINATO/A KG 3
050113/B,"KIMIF. ECO FIN. PLUS SATINATO/B KG 0,855"
050115,KIMICOVER 501 ROSSO DA KG 25
050120,KIMICOVER 501 VERDE DA KG 25
050121,KIMIFLOOR ECO FINITURA OPACO DA KG 5
050122,KIMIFLOOR ECO FINITURA SATINATO DA KG 5
050125,KIMICOVER 501 BIANCO DA KG25
050162,KIMISTONE IDROREP/A DA KG 25
050165/A,TECNOSEAL 88 /A GRIGIO Kg 5
050165/B,"TECNOSEAL 88 /B GRIGIO Kg 1,5"
050166/A,TECNOSEAL 88 ROSSO RES. KG 5
050166/B,TECNOSEAL 88 ROSSO IND. KG1.5
050169,KIMICOVER-IN da KG 1000
050170,KIMICOVER IN da KG 5
050174,KIMICOVER BLINDO 7038 KG 25
050175,KIMICOVER IN da KG 25
050183,KIMICOVER BLINDO RAL 1001 KG25
050213,KIMIFLOOR ECO BASE MEDIO DA KG 25
050217,KIMIFLOOR ECO BASE IT 126-3 DA KG 25
050224,KIMIFLOOR ECO BASE IT 124.1 DA KG 25
050238/222.1,KIMIFLOOR ECO BASE 222.1 DA KG 25
050238/4007,KIMIFLOOR ECO BASE RAL 4007 DA KG 25
050238/5002,KIMIFLOOR ECO BASE RAL 5002 DA KG 25
050238/7000,KIMIFLOOR ECO BASE RAL 7000 DA KG 25
050238/7030,KIMIFLOOR ECO BASE RAL 7030 DA KG 25
050238/7035,KIMIFLOOR ECO BASE RAL 7035 DA KG 25
050238/A,KIMICOVER 301 NF 7004 RES KG 20
050238/IT126.3,KIMIFLOOR ECO BASE IT 126.3 DA KG 25
050238/IT126.6,KIMIFLOOR ECO BASE IT 126.6 DA KG 25
050238/IT129.1,KIMIFLOOR ECO BASE IT 129.1 DA KG 25
050238/IT136.2,KIMIFLOOR ECO BASE IT 136.2 DA KG 25
050238/IT138.1,KIMIFLOOR ECO BASE IT 138.1 DA KG 25
050238/IT145.2,KIMIFLOOR ECO BASE IT 145.2 DA KG 25
050238/IT146.2,KIMIFLOOR ECO BASE IT 146.2 DA KG 25
050238/IT147.2,KIMIFLOOR ECO BASE IT 147.2 DA KG 25
050238/IT147.3,KIMIFLOOR ECO BASE IT 147.3 DA KG 25
050238/IT148.3,KIMIFLOOR ECO BASE IT 148.3 DA KG 25
050238/IT148.6,KIMIFLOOR ECO BASE IT 148.6 DA KG 25
050238/IT149.2,KIMIFLOOR ECO BASE IT 149.2 DA KG 25
050238/IT159.2,KIMIFLOOR ECO BASE IT 159.2 DA KG 25
050238/IT34.1,KIMIFLOOR ECO BASE IT 34.1 DA KG 25
050238/IT34.2,KIMIFLOOR ECO BASE IT 34.2 DA KG 25
050238/IT35.2,KIMIFLOOR ECO BASE IT 35.2 DA KG 25
050238/IT37.2,KIMIFLOOR ECO BASE IT 37.2 DA KG 25
050238/IT38.2,KIMIFLOOR ECO BASE IT 38.2 DA KG 25
050238/IT38.4,KIMIFLOOR ECO BASE IT 38.4 DA KG 25
050238/IT38.5,KIMIFLOOR ECO BASE IT 38.5 DA KG 25
050238/IT89.5,KIMIFLOOR ECO BASE IT 89.5 DA KG 25
050238/NCSS1005Y,KIMIFLOOR ECO BASE NCS S 1005Y DA KG 25
050238/S2010Y40R,KIMIFLOOR ECO BASE NCS S2010-Y40 R KG25
050238/S2040Y40R,KIMIFLOOR ECO BASE NCS S2040-Y40 R KG25
050238/S3020Y,KIMIFLOOR ECO BASE NCS S3020-Y DA KG 25
050238T/7030,KIMIFLOOR ECO BASE RAL 7030 DA KG 25
050238T/IT126.6,KIMIFLOOR ECO BASE T IT 126.6 DA KG 25
050238T/IT148.6,KIMIFLOOR ECO BASE T IT 148.6 DA KG 25
050238T/IT99.7,KIMIFLOOR ECO BASE IT 99.7 DA KG 25
050238V/7044,KIMIFLOOR ECO BASE RAL 7044 DA KG 25
050238V/A,KIMICOVER 301 NF 7004 RES KG 20
050239/7024,KIMIFLOOR ECO BASE RAL 7024 DA KG 25
050242/A,KIMICOVER 301 NF TRASP. RES. KG 4
050243/A,KIMICOVER 301 NF GRIGIO 7035 RES. KG 4
050244/A,KIMICOVER 301 NF GRIGIO 7032 RES. KG 4
050245/A,KIMICOVER 301 NF ROSSO RES. KG 4
050246/A,KIMICOVER 301 NF BIANCO 9003 RES. KG 4
050247/A,KIMICOVER 301 NF NEUTRO RES. KG 4
050248/B,KIMITECH K40 NF GRIGIO 7035 IND KG 4
050249/B,KIMITECH K40 NF GRIGIO 7035 IND KG 20
050250/B,KIMITECH K40 NF BIANCO 9010 IND KG 4
050251/B,KIMITECH K40 NF BIANCO 9010 IND KG 20
050252/B,KIMITECH K40 NF BASE B.COL. IND KG 4
050253/B,KIMITECH K40 NF NEUTRO IND KG 4
050254,KIMICOVER BLINDO GRIGIO 7035 KG25
050255,KIMICOVER BLINDO VERDE 6011 KG 25
050255T,KIMICOVER BLINDO VERDE 6011 KG 25
050256,KIMICOVER BLINDO GRIGIO 7032 KG 1100
050258,KIMICOVER BLINDO GRIGIO CS da 25
050258V,KIMICOVER BLINDO GRIGIO CS da 25
050259,KIMICOVER BLINDO 5017 KG 25
050259/A,KIMICOVER 301 NF AZZURRO RES KG 4
050260,KIMICOVER BLINDO 7031 KG 25
050262/B,KIMITECH K40 NF ROSSO IND KG 4
050263,KIMICOVER 301 NF INDURENTE KG 1
050264,KIMITECH K40 NF RESINA KG 1
050265,KIMITECH HLA INDURENTE KG 1
050266,KIMICOVER 301 NF INDURENTE KG 5
050267,KIMITECH K40 NF RESINA KG 5
050268,KIMITECH HLA INDURENTE KG 5
050270/B,KIMITECH K40 NF 5018 IND KG 4
050273/A,KIMICOVER 301 NF 9010 RES. KG 4
050278/A,KIMICOVER 301 NF NEUTRO RES KG 20
050279/A,KIMICOVER 301 NF BIANCO 9003 RES KG 20
050286/A,KIMICOVER 301 NF 5012 RES. KG 20
050287/A,KIMICOVER 301 NF 5012 RES. KG 4
050287V/A,KIMICOVER 301 NF 5012 RES. KG 4
050288/A,KIMICOVER 301 NF GRIGIO 7035 RES. KG 20
050291V/A,KIMICOVER 301 NF 7042 RES KG 20
050293/A,KIMICOVER 301 NF 7038 RES KG 4
050293V/A,KIMICOVER 301 NF 7038 RES KG 4
050296/A,KIMICOVER 301 NF 8004 RES KG 4
050298,KIMICOVER K 80 TRASPARENTE DA KG 25
050301/A,KIMICOVER 301 NF 5015 RES KG 4
050301V/A,KIMICOVER 301 NF 5015 RES KG 4
050302/A,KIMICOVER 301 NF 7040 RES KG 4
050302V/A,KIMICOVER 301 NF 7040 RES KG 4
050306/A,KIMICOVER 301 NF 1014 RES KG 4
050307/A,KIMICOVER 301 NF 1013 RES KG 4
050309/A,KIMICOVER 301 NF 9001 RES KG 4
050312/A,KIMICOVER 301 NF 1003 RES KG 4
050312V/A,KIMICOVER 301 NF 1003 RES KG 4
050316/IT148.4,"KIMIFLOOR ECO BASE IT 148.4 DA KG 7,5"
050316/IT74.5,"KIMIFLOOR ECO BASE IT 74.5 DA KG 7,5"
050316T/6013,"KIMIFLOOR ECO BASE RAL 6013 DA KG 7,5"
050320/A,KIMICOVER 301 NF 7043 OPACO RES KG 4
050325/A,KIMICOVER 301 NF 7044 RES KG 4
050330,KIMICOVER 301 NF 3011 RES KG 4
050331/A,KIMICOVER 301 NF GRIGIO 7032 RES. KG 20
050331V/A,KIMICOVER 301 NF GRIGIO 7032 RES. KG 20
050333/B,KIMITECH K40 NF 7037 IND KG 4
050333V/B,KIMITECH K40 NF 7037 IND KG 4
050334/B,KIMITECH K40 NF 7038 IND KG 4
050334V/B,KIMITECH K40 NF 7038 IND KG 4
050339/A,KIMICOVER 301 NF 5005 RES. KG 4
050341/A,KIMICOVER 301 NF TRASP. OPACO RES KG4
050344/A,KIMICOVER 301 NF 1015 RES KG 4
050345/A,KIMICOVER 301 NF 1013 RES KG 20
050348,KIMICOVER PF DA KG 25
050349,"KIMICOVER 601P DA KG 7,1"
050350,"KIMICOVER 601P DA KG 21,3"
050355,KIMICOVER UNO DA KG 20
050356/A,KIMICOVER DUO PARTE A DA KG 25
050356/B,KIMICOVER DUO PARTE B DA KG 25
050357/B,"KIMICOVER DUO PARTE B DA KG 8,5"
050361/A,KIMICOVER 301 NF 7039 RES KG 4
050366/A,KIMICOVER 301 NF 7001 RES KG 4
050368/A,KIMICOVER 301 NF 1023 RES KG 4
050369/A,KIMICOVER 301 NF 6027 RES KG 4
050372,"KIMICOVER 601P GRIGIO DA KG 7,1"
050374,"KIMICOVER 601P ROSSO DA KG 7,1"
050375,"KIMICOVER 601P ROSSO DA KG 21,3"
050380/A,KIMICOVER 301 NF 6019 RES. KG 4
050382V/A,KIMICOVER 301 NF 5010 RES KG 4
050386/A,KIMICOVER 301 NF 7047 RESINA KG 4
050386V/A,KIMICOVER 301 NF 7047 RESINA KG 4
050391,"OSSIDO PER KIMIC. 601P ROSSO DA KG 7,1"
050392,"OSSIDO PER KIMIC. 601P ROSSO DA KG 21,3"
050393,"OSSIDO PER KIMIC. 601P GRIGIO DA KG 7,1"
050394,"OSSIDO PER KIMIC. 601P GRIGIO DA KG 21,3"
050395/A,KIMICOVER 301 NF RAL 6010 RES KG 4
050416/B,KIMITECH K40 NF 3001 IND KG 4
050417,"KIMICOVER 601P RAL 6005 DA KG 21,3"
050417/B,KIMITECH K40 NF 7000 IND KG 20
050418/B,KIMITECH K40 NF 5019 IND KG 4
050420/B,KIMITECH K40 NF RAL 5005 IND KG 4
050421/B,KIMITECH K40 NF 7005 IND KG 20
050422V/A,KIMICOVER 301 NF RAL 7040 RES.KG 20
050423/A,KIMICOVER 301 NF NEUTRO OPACO RES.KG 4
050425/A,KIMICOVER 301 NF RAL 7042 OPACO RES.KG 4
050430/A,KIMICOVER 301 NF RAL 5024 RES.KG 20
050430V/A,KIMICOVER 301 NF RAL 5024 RES.KG 20
050431/A,KIMICOVER 301 NF RAL 8019 RES.KG 4
050434V/A,KIMICOVER 301 NF RAL 5024 RES.KG 4
050436/A,KIMICOVER BENTONITE PARTE A DA KG 20
050436/B,KIMICOVER BENTONITE PARTE B DA LT 25
050437/A,TECNOSEAL 88/R GRIGIO RES. DA KG 5
050437/B,TECNOSEAL 88/R GRIGIO IND. DA KG 1
050439,KIMICOVER ANTISALE DA KG 25
050441/A,KIMICOVER 301 NF RAL 2001 RES.KG 20
050445/A,KIMICOVER 301 NF RAL 7038 RES. KG 20
050445T/A,KIMICOVER 301 NF RAL 7038 RES. KG 20
050445V/A,KIMICOVER 301 NF RAL 7038 RES. KG 20
050446/A,KIMICOVER 301 NF TRASP.OPACO RES. KG 20
050447,KIMICOVER 701P BIANCO DA KG 25
050447/A,KIMICOVER 301 NF 7000 RES. KG 20
050448,KIMICOVER 701P BIANCO DA KG 7
050449,KIMICOVER 701P GRIGIO DA KG 25
050450,KIMICOVER 701P GRIGIO DA KG 7
050451,KIMICOVER 701P ROSSO MATTONE DA KG 25
050452,KIMICOVER 701P ROSSO MATTONE DA KG 7
050454,KIMICOVER IN/S DA KG 25
050455/A,KIMICOVER 301 NF RAL 7004 RES. KG 4
050456,KIMICOVER 701P RAL 1013 DA KG 25
050458,KIMIFLOOR ECO BASE RAL 6034 DA KG 25
050459,KIMICOVER 701P VERDE DA KG 25
050460/A,KIMICOVER 301 NF RAL 9005 RES.KG 4
050461,"KIMICOVER 601P VERDE DA KG 21,3"
050462/A,KIMICOVER 301 NF NCS S 2002 Y RES.KG 4
050465/A,KIMICOVER 301 NF RAL 1014 SAT. RES.KG 4
050466,KIMICOVER 701P RAL 3022 DA KG 25
050468,SLURRY NEUTRO
050468/A,KIMICOVER 301 NF RAL 8017 RES. KG 4
050472/A/5005,KIMICOVER 401 RAL 5005 RES KG 3
050472/A/5012,KIMICOVER 401 RAL 5012 RES KG 3
050472/A/7032,KIMICOVER 401 RAL 7032 RES KG 3
050472/A/7035,KIMICOVER 401 RAL 7035 RES KG 3
050472/A/7040,KIMICOVER 401 RAL 7040 RES KG 3
050472/A/7047,KIMICOVER 401 RAL 7047 RES KG 3
050472/A/9001,KIMICOVER 401 RAL 9001 RES KG 3
050472/A/9003,KIMICOVER 401 RAL 9003 RES KG 3
050472/A/NEUTRO,KIMICOVER 401 NEUTRO RES KG 3
050472T/A/7035,KIMICOVER 401 RAL 7035 RES KG 3
050473,KIMICOVER 401 INDURENTE KG 1
050474,KIMICOVER 401 INDURENTE KG 5
050475/A/1019,KIMICOVER 401 RAL 1019 KG 15
050475/A/7009,KIMICOVER 401 RAL 7009 KG 15
050475/A/9003,KIMICOVER 401 RAL 9003 KG 15
050476/A,KIMICOVER 301 NF 7023 RES KG 4
050477/A,KIMICOVER 301 NF 3000 RES KG 4
050478/A,KIMICOVER 301 NF 7016 RES KG 4
050479V/A,KIMICOVER 301 NF RAL 5015 RES. KG 20
050480/A,KIMICOVER 301 NF RAL 1019 RES. KG 20
050481,KIMICOVER 701P RAL 1011 DA KG 25
050482/A,KIMICOVER 301 NF 3031 RES KG 4
050483V/A,KIMICOVER 301 NF 7044 RES KG 20
050484,***KIMICOVER K 80 BLU DA Kg. 900***
050485,KIMICOVER 701P 219-3 DA KG 25
050486/A,KIMICOVER 301 NF 3028 RES KG 4
050488/A,KIMICOVER 301 NF RAL 7021 RES KG 4
050489,"OSSIDO KIMIC.601P ROSSO 130 DA KG 21,3"
050490/A,KIMICOVER 301 NF RAL 3009 RES KG 4
050491/A,KIMICOVER 301 NF RAL 3001 RES KG 4
050492,"KIMIFLOOR ECO BASE RAL 6011 DA KG 7,5"
050493,KIMIFLOOR ECO BASE RAL 7004 DA KG 25
050494,"KIMIFLOOR ECO BASE RAL 7004 DA KG 7,5"
050495,KIMIFLOOR ECO BASE RAL 6013 KG 25
050496/A,KIMICOVER 301 NF RAL 6011 RES KG 20
050497/A,KIMICOVER 301 NF RAL 6029 RES KG 4
050498,KIMICOVER 701P RAL 6019 DA KG 7
050499/A,KIMICOVER 301 NF RAL 6028 RES KG 4
050500/A,KIMICOVER 301 NF RAL 5012 RES.KG 4
050501/A,KIMICOVER 301 NF RAL 1037 RES.KG 4
050502,KIMICOVER PFW DA LT 25
050502/A,KIMICOVER 301 NF RAL 7047 RES KG 20
050503,KIMICOVER PFW DA LT 5
050503/A,KIMICOVER 301 NF RAL 8001 RES.KG 4
050504/A,KIMICOVER 301 NF RAL 3013 RES.KG 20
050505,KIMICOVER 801P DA KG 25
050506,KIMICOVER 801P DA KG 7
050507,OSSIDO PER KIMIC. 801P GRIGIO DA KG 7
050508,OSSIDO PER KIMIC. 801P GRIGIO DA KG 25
050509/A,TECNOSEAL 88 GRIGIO RES. KG 15
050509/B,"TECNOSEAL 88 GRIGIO IND. KG 4,5"
050510/A,KIMICOVER 301 NF RAL 1001 RES.KG 4
050511,OSSIDO PER KIMIC. 801P ROSSO DA KG 7
050511/A,KIMICOVER 301 NF RAL 7033 RES.KG 4
050512,OSSIDO PER KIMIC. 801P ROSSO DA KG 25
050513,KIMIFLOOR ECO BASE GF DA KG 20
050514/A,KIMIFL. ECO FINITURA PLUS LUCIDO/A KG 3
050514/B,"KIMI.ECO FINITURA PLUS LUCIDO/B KG 0,855"
050515,KIMICOVER 701P GB DA KG 25
050516,KIMICOVER 601P DA KG 25
053001,"CAMPIONE KIMICOVER BLINDO 7032 DA KG 0,4"
053002,CAMPIONE KIMISTONE IDROREP DA KG 0.5
053003,CAMPIONE KIMISTONE KSF DA KG 0.5
053004,CAMP. KIMISTONE GRAFIX MOVE DA KG 0.5
053005,CAMP KIMIFLOOR ECO BASE LIGHT DA KG 0.9
053006,CAMPIONE KIMIFLOOR ECO BASE DARK KG 0.9
053007,CAMP. KIMIFLOOR ECO FIN. OP DA KG 0.3
053008,CAMP. KIMIFLOOR ECO FIN .SATIN DA KG 0.3
053009,CAMP KIMIFLOOR ECO FIN PLUS OP DA KG 0.3
053010,CAMP KIMIFLOOR ECO FIN PLUS SA DA KG 0.3
053011,"CAMPIONE KIMICOVER BLINDO 7035 DA KG 0,5"
053012,CAMPIONE KIMISTONE C 902 DA KG 0.5
053013,CAMPIONE KIMISTONE C 905 DA KG 0.5
053014,CAMPIONE KIMISTONE C 957 DA KG 0.5
053015,CAMPIONE KIMISTONE C 10.10 DA KG 0.5
053016,CAMPIONE KIMITECH EP-TX DA KG 0.8
053017,CAMPIONE KIMITECH EP-IN DA KG 0.3
053018,CAMPIONE KIMIFLOOR VETRO DA KG 0.3
053019,CAMPIONE KIMITECH TX-311 DA KG 0.8
053020,"CAMPIONE KIMICOVER FIX DA KG 0,3"
053021,CAMPIONE KIMITECH WALLMESH MR
053022,CAMPIONE KIMITECH WALLMESH HR
053023,CAMPIONE KIMITECH CB 320
053024,CAMPIONE KIMITECH CB 1200
053025,CAMPIONE KIMITECH CB ST 300
053026,CAMPIONE KIMITECH K40 NF 7035 KG 0.375
053027,CAMPIONE TECTORIA PMP COCCIOPESTO KG 1.5
053028,CAMPIONE TECTORIA PMP 100 KG 1.5
053029,CAMPIONE TECTORIA PMP 101 KG 1.5
053030,CAMPIONE TECTORIA PMP 102 KG 1.5
053031,CAMPIONE TECTORIA PMP 105 KG 1.5
053032,CAMPIONE TECTORIA PMP 110 KG 1.5
053033,CAMPIONE TECTORA PMP 120 KG 1.5
053034,CAMPIONE TECTORIA PMP 140 KG 1.5
053035,CAMPIONE KIMITECH HLA BIANCO 9010 KG 0.6
053036,CAMPIONE KIMITECH HLA RAL 5012 KG 0.6
053037,CAMPIONE KIMITECH EP-IN/CMP DA KG 0.3
053038,CAMPIONE KIMISTONE K55 DA KG 0.5
053039,"CAMPIONE KIMICOVER 501 GRIGIO DA KG 0,5"
053040,CAMPIONE BETONFIX GS5 DA KG 2.7
053041,CAMPIONE KIMICOVER JOINT
053042,CAMPIONE KIMITECH 120
053043,CAMPIONE KIMITECH TNT
053044,CAMPIONE KIMITECH 350
053045,CAMPIONE KIMIFILL K12 DA KG. 0.6
053046,CAMPIONE KIMIFILL K14 DA KG. 1
053047,CAMPIONE KIMICOVER LASTIC GRIGIO KG 0.5
053048,CAMPIONE KIMICOVER GUAINA A+B DA KG 1
053049,"CAMPIONE KIMICOVER FIX MV DA KG 0,3"
053050,"CAMPIONE KIMICOVER 301 RAL 7032 KG 0,5"
053051,CAMPIONE KIMITECH EC KG 0.3
053052,CAMPIONE KIMISTONE ANTISMOG DA KG 0.5
053053,CAMPIONE KIMISTONE BIOCIDA DA KG 0.5
053054,CAMPIONE KIMISTONE K10 DA KG 0.5
053055,CAMPIONE KIMITECH EP-IN/50 DA KG 0.3
053056,"CAMPIONE SOLUZIONE P DA KG 0,5"
053057,"CAMPIONE KIMITECH K60 DA KG 0,5"
053058,CAMPIONE KIMISTONE GRAFIX MOOVE S KG 0.5
053059,CAMPIONE LIMEPOR EDO 0.3 DA KG 25
053060,CAMPIONE KIMITECH B2 DA KG 0.5
053061,CAMPIONE KIMISTONE DEFENDER KG 0.5
053062,"CAMPIONE KIMICOVER 301 NF TRASP KG 0,375"
053063,"CAMPIONE KIMITECH HLA RAL 7035 KG 0,6"
053064,CAMP KIMIFLOOR ECO BASE 124-1 DA KG 0.9
053065,CAMP KIMIFLOOR ECO BASE 124-4 DA KG 0.9
053066,CAMP KIMIFLOOR ECO BASE 149-1 DA KG 0.9
053067,CAMP KIMIFLOOR ECO BASE 149-2 DA KG 0.9
053068,"CAMPIONE KIMICOVER 501 BIANCO DA KG 0,5"
053069,"CAMPIONE KIMICOVER BLINDO 9003KG 0,5"
053070,CAMPIONE KIMICOVER BLINDO NEUTRO KG 0.5
053071,CAMP KIMIFLOOR ECO BASE 149-6 DA KG 0.9
053072,"CAMPIONE KIMICOVER 301 NF ROSSO KG 0,375"
053073,CAMPIONE KIMITECH HLA BIANCO 9010 KG 3
053074,"CAMPIONE KIMICOVER 301 NF AZZURRO KG 0,3"
053075,CAMPIONE KIMISTEEL INOX 2200
053076,CAMPIONE KIMITECH HLA NEUTRO KG 0.6
053077,CAMPIONE KIMISTEEL 1500
053078,CAMPIONE KIMITECH ST 160 R
053079,CAMP. TECTORIA PMP TEST 1 RIF 2045
053080,CAMP. TECTORIA PMP TEST 2 RIF 2015
053081,CAMP. TECTORA PMP TEST 3 RIF 2017
053082,CAMP. KIMICOVER 301 NF GR.7032 KG 0.375
053083,CAMP. KIMICOVER 301 NF NEUTRO KG 0.375
053084,CAMP. KIMITECH K40 NF BASE B. KG 0.375
053085,CAMP. KIMITECH K40 NF NEUTRO KG. 0.375
053086,CAMP. KIMITECH K40 NF RAL 1023 KG 0.375
053087,CAMP. KIMITECH K40 NF RAL 1017 KG 0.375
053088,CAMPIONE KIMISTEEL CONNECT
053089,CAMPIONE KIMISTEEL CONNECT RP
053090,CAMPIONE KIMICOVER GUAINA APPLICATI
053091,CAMPIONE KIMITECH 550
053092,CAMP. TECTORIA PMP TEST 7 RIF 2026  KG 5
053093,CAMP. TECTORA PMP RIF 2072 DA KG 5
053094,"CAMPIONE KIMICOVER BLINDO 5012 DA KG 0,5"
053095,CAMPIONE TECTORIA PMP 105*1 KG 1.5
053096,CAMPIONE PROOFING 31 DA KG 0.5
053097,CAMPIONE KIMITECH EP-IS DA KG 0.3
053098,CAMP. FUGAFLEX 04 EVO GR BASALTO KG 0.5
053099,CAMPIONE KIMITECH ELASTOFIX DA KG  0.5
053100,CAMPIONE KIMICOVER 501 VERDE DA KG 0.5
053101,CAMPIONE KIMICOVER 115 GRIGIO DA KG 0.3
053102,CAMPIONE BETONFIX KIMIFER DA KG 1
053103,PEN-DRIVE
053104,CAMPIONE KIMITECH VR LP 300
053105,CAMPIONE KIMITECH 500
053106,CAMPIONE KIMITECH VR 300
053107,CAMPIONE KIMITECH LP 800
053108,CAMPIONE KIMITECH S 100
053109,CAMPIONE KIMITECH FIOCCO CB 12
053110,CAMPIONE KIMITECH FIOCCO VR 12
053112,CAMPIONE KIMITECH TONDO CB 10
053113,CAMPIONE KIMITECH TONDO VR 10
053114,CAMPIONE KIMITECH TONDO AR 10
053115,CAMPIONE KIMITECH PLATE 50X1.4
053116,CAMP. KIMIFLOOR ECO BASE DARK DA KG 10
053117,CAMP. KIMITECH K40 NF IT 94/3 KG 0.375
053118,CAMP. KIMITECH K40 NF IT 94/4 KG 0.375
053119,CAMP. KIMITECH K40 NF IT 40-1 KG 0.375
053120,CAMP. KIMITECH K40 NF IT 39-1 KG 0.375
053121,RACCOGLITORE PORTA CAMPIONI
053122,MAZZETTA COLORI RAL
053124,BARATTOLO PLASTICA VUOTO PICCOLO
053125,CAMP. KIMITECH K40 NF RAL 9010 KG 0.375
053126,CAMP. KIMIC. 301 NF BIANCO 9003 KG 0.375
053127,CAMPIONE KIMITECH TX 311 TEST 1 DA KG 2
053128,CAMPIONE KIMITECH TX 311 TEST 2 DA KG 2
053130,CAMPIONE KIMICOVER BLINDO ROSSO KG 0.4
053131,CAMPIONE KIMICOVER 301 7038 KG 0.375
053132,CAMPIONE KIMICOVER 301 7035 KG 0.375
053133,CAMPIONE KIMICOVER BLINDO 6011 KG 0.4
053134,CAMPIONE KIMICOVER BLINDO VERDE  KG 0.4
053135,CAMPIONE TECNOSEAL 88 KG 0.3
053136,CAMP. KIMITECH K40 NF ROSSO KG 0.375
053137,CAMP. KIMITECH K40 AZZURRO KG 0.375
053139,CAMP KIMIFLOOR ECO BASE it 129-1 KG 0.9
053140,CAMP KIMIFLOOR ECO BASE IT 128-1 KG 0.9
053141,CAMP SOLVENTE EPOX DA KG 0.5
053142,CAMPIONE KIMICOVER BLINDO GRIGIO KG 0.5
053144,CAMP KIMIFLOOR ECO BASE IT 124-5 KG 0.9
053145,CAMP KIMIFLOOR ECO BASE IT 125-1 KG 0.9
053146,CAMP KIMIFLOOR ECO BASE IT 125-2 KG 0.9
053147,CAMP KIMIFLOOR ECO BASE IT 148-2 KG 0.9
053148,CAMP KIMIFLOOR ECO BASE IT 163-5 KG 0.9
053149,CAMP KIMIFLOOR ECO BASE IT 163-6 KG 0.9
053150,CAMP KIMIFLOOR ECO BASE IT 76-1 KG 0.9
053151,CAMP KIMIFLOOR ECO BASE IT 76-4 KG 0.9
053152,CAMP KIMIFLOOR ECO BASE IT 124-2 KG 0.9
053153,CAMPIONE KIMICOVER BLINDO ROSSO KG 5
053154,CAMP. KIMICOVER 301 NF GR.7035 KG 0.375
053155,CAMP. KIMICOVER BLINDO GR 7032 KG 0.5
053156,CAMP. KIMICOVER BLINDO GR 7044 KG 0.5
053157,CAMP. KIMICOVER BLINDO GR 7035 KG 0.5
053158,"CAMPIONE KIMICOVER 501 7044 DA KG 0,5"
053159,"CAMPIONE KIMICOVER 501 7032 DA KG 0,5"
053160,"CAMPIONE KIMICOVER 501 1013 DA KG 0,5"
053161,CAMP KIMIFLOOR ECO BASE IT 110-3 KG 1
053162,CAMP KIMIFLOOR ECO BASE IT 169-1 KG 1
053163,CAMP KIMIFLOOR ECO BASE IT 138-1 KG 1
053164,CAMP KIMIFLOOR ECO BASE IT 149-7 KG 1
053165,CAMP KIMIFLOOR ECO BASE IT 141-5 KG 1
053166,CAMP KIMIFLOOR ECO BASE IT 149-5 KG 1
053167,"CAMP KIMITECH HLA IT 150-1 DA KG 0,6"
053168,CAMPIONE TECTORIA PMP 105/F KG 1.5
053169,CAMPIONE TECTORIA PMP 105 T1 KG 1.5
053170,CAMP KIMITECH K40 NF BIANCO 9010 KG0.375
053171,CAMP. KIMICOVER 301 NF 6005 KG 1.25
053172,CAMP. KIMICOVER 301 NF 3011 KG 1.25
053173,CAMP. KIMICOVER 301 NF 5012 KG 1.25
053174,CAMP. KIMICOVER 301 NF 7042 KG 1.25
053175,CAMP KIMIFLOOR ECO BASE 6005 KG 0.7
053176,CAMP KIMIFLOOR ECO BASE 3011 KG 0.7
053177,CAMP KIMIFLOOR ECO BASE 5012 KG 0.7
053178,CAMP KIMIFLOOR ECO BASE 7042 KG 0.7
053179,CAMPIONE KIMITECH HLA RAL 1013 KG 1.2
053180,CAMPIONE KIMITECH HLA RAL 1019 KG 1.2
053181,CAMPIONE KIMITECH HLA RAL 3003 KG 1.2
053182,CAMPIONE KIMICOVER 301 7037 KG 0.375
053183,CAMPIONE KIMICOVER 301 9001 KG 0.375
053184,CAMP KIMITECH K40 NF 9001 KG0.375
053185,CAMP KIMITECH K40 NF 7037 KG0.375
053186,CAMP KIMITECH K40 NF 7038 KG0.375
053187,CAMP KIMIFLOOR ECO BASE RAL 9001 KG 1
053188,CAMP KIMIFLOOR ECO BASE RAL 7037 KG 1
053189,CAMP KIMIFLOOR ECO BASE RAL 7038 KG 1
053190,CAMPIONE KIMITECH TONDO VR 12 DA CM 0.5
053191,CAMPIONE KIMICOVER PF DA KG 5
053192,CAMPIONE FLUIMAX 2HS DA KG 0.5
053193,CAMPIONE TECTORIA PMP CIVITAS RV KG 3
053194,CAMPIONE KIMICOVER FIX MV GRIGIO KG 0.3
053195,CAMPIONE KIMISTONE IBASIL DA KG 0.5
053197,CAMPIONE KIMITECH HLA ROSSO KG 0.6
053198,CAMP. KIMIC. 301 NF 9010 KG 0.375
053199,CAMP. KIMIC. 301 NF TRASP OPACO KG 0.375
053200,CAMPIONE KIMICOVER PF DA KG 5
053201,CAMP. KIMICOVER 301 NF GR.5007 KG 0.375
053202,CAMP. KIMICOVER 301 NF VERDE KG 0.375
053204,CAMPIONE KIMITECH CB 620
053205,CAMP. KIMICOVER DUO DA KG 2.7
053207,CAMPIONE KIMITECH FMR
053208,CAMP. KIMICOVER 601P KG 0.5
053209,CAMP KIMIFLOOR ECO BASE IT 146-1 KG 0.9
053210,CAMPIONE BETONFIX 300 102 DA KG 5
053211,CAMPIONE BETONFIX 300 IT 88-5 DA KG 5
053212,CAMPIONE BETONFIX 300 IT 88-6 DA KG 5
053213,CAMP. KIMICOVER K 80 DA KG 0.5
053214,CAMP. BETONFIX FONDO DA KG 5
053215,"CAMP. KIMITECH ACR DA KG 0,5"
053216,CAMPIONE KIMISTONE KSE DA KG 0.5
053217,CAMP TECTORIA PMP CIVITAS/F KG 3
053218,CAMPIONE LIMEPOR MT/F DA KG 3
053219,CAMPIONE KIMISTEEL LM KG 25
053220,CAMP KIMITECH K40 AP BIANCO KG0.375
053221,CAMP. KIMICOVER 301 NF 3020 KG 0.375
053222,CAMP. KIMICOVER 301 NF 2005 KG 0.375
053223,CAMPIONE BETONFIX 300 RM DA KG 1
053224,CAMPIONE TEST TRAZIONE KIMITECH CB 320
053225,CAMP. KIMICOVER BLINDO RAL 1019 KG 0.5
053226,CAMP. KIMICOVER BLINDO RAL 1015 KG 0.5
053227,CAMPIONE KIMISTEEL INOX X-BAR da 10 mm
053228,CAMPIONE KIMISTEEL INOX X-BAR da 8 mm
053229,CAMP KIMIFLOOR RC/A
053230,CAMP KIMIFLOOR RC/B
053231,CAMP KIMIFLOOR XF/A+B
053232,CAMPIONE KIMIFILL BZ 0.3-0.7 DA KG. 2
053233,CAMPIONE KIMIFILL 1/F DA KG. 2
053234,CAMP KIMIFLOOR ECO BASE IT 148-3 KG 0.9
053235,CAMPIONE KIMIFILL MP DA KG. 2
053236,CAMP. KIMICOVER 601P APPLICATO
053237,CAMP. KIMICOVER UNO APPLICATO
053238,CAMPIONE KIMITECH CB MTX 380
053239,CAMP KIMITECH K40 NF 7036 KG0.375
053240,CAMP. KIMICOVER 301 NF 7036 OP KG 0.375
053241,CAMPIONE KIMITECH HLA RAL 3012 KG 0.6
053242,CAMP. KIMICOVER BLINDO GR 7047 KG 0.5
053243,CAMPIONE BETONFIX 300 BIANCO DA KG 1.5
053244,CAMP. KIMICOVER BLINDO IT 157.3 KG 0.5
053245,CAMP. KIMICOVER BLINDO IT 157.4 KG 0.5
053246,CAMP KIMITECH K40 NF 1013 KG0.375
053247,CAMP. KIMICOVER BLINDO 7001 KG 0.5
053248,CAMP KIMIFLOOR ECO BASE IT 95.3 KG 0.9
053249,CAMP KIMIFLOOR ECO BASE IT 148.4 KG 0.9
053250,CAMP. KIMIC.BLINDO GR 7032 OP KG 0.5
053251,CAMP. KIMIC.BLINDO 7038 KG 0.5
053252,CAMP. KIMIC.BLINDO 7004 KG 0.5
053253,CAMPIONE TECTORIA PMP/EB
053254,CAMPIONE KIMIFILL 3/6 DA KG. 2.5
053255,CAMP. KIMIC.BLINDO 7030 KG 0.5
053256,CAMP. KIMICOVER 301 NF 1024 KG 1.25
053257,CAMP. KIMICOVER 301 NF 1002 KG 1.25
053258,CAMP. KIMICOVER 301 NF 1032 KG 1.25
053260,CAMP. KIMICOVER 301 NF 9002 KG 0.375
053261,CAMP KIMITECH K40 NF 9002 KG0.375
053262,CAMPIONE TECTORIA PMP T3 KG 25
053267,CAMP. KIMIC.BLINDO 8024 KG 1
053270,CAMPIONE BETONFIX 300 T4 KG 1.5
053283,CAMP TECTORIA PMP CIVITAS* KG25
053287,"CAMPIONE KIMICOVER BLINDO 1013 DA KG 0,4"
053288,"CAMPIONE KIMICOVER BLINDO 9010 DA KG 0,4"
053289,CAMP TECTORIA COCCIOFORTE A+B DA KG 0.3
053290,CAMPIONE BETONFIX 300 RAL 1015 KG 5
053296,CAMP. KIMICOVER 301 NF 1007 KG 1.25
053297,CAMPIONE KIMISTEEL GLV 650 H10
053303,CAMP. KIMIC. 301 NF TRASP SATIN KG 0.375
053305,CAMPIONE LIMEPOR NHL/Z FIB DA KG 1.5
053310,CAMP. KIMITECH K40 NF RAL 1014 KG 0.375
053317,CAMPIONE KIMICOVER 301 NF 1013 KG 0.375
053335,"CAMPIONE KIMICOVER 301 NF 7040 KG 0,375"
053336,CAMPIONE KIMITECH BS ST 200
053337,CAMPIONE KIMITECH BS ST 400
053341,CAMP BASIC MALTA M15/F GR SF
053352,CAMP. KIMICOVER BLINDO RAL 9016 DA KG 1
053356,"CAMPIONE KIMICOVER BLINDO 1001 DA KG 0,4"
053357,"CAMPIONE KIMICOVER BLINDO 1014 DA KG 0,4"
053358,CAMP. KIMITECH K40 NF RAL 7000 KG 1
053359,CAMPIONE KIMICOVER 301 RAL 7000 KG 1
053360,CAMP. KIMITECH K40 NF RAL 7032 KG 0.5
053361,CAMPIONE KIMICOVER BLINDO 7006 DA KG 1
053361/BIANCO,CAMP. KIMIPAINT DECO BIANCO
053361/K-48-10,CAMP. KIMIPAINT EASY K-48-10
053361/K12-11,CAMP. KIMIPAINT DECO K12-11
053361/K176-1,CAMP. KIMIPAINT DECO K176-1
053361/K178-2,CAMP. KIMIPAINT DECO K178-2
053361/K179-6,CAMP. KIMIPAINT DECO K179-6
053361/K179-8,CAMP. KIMIPAINT DECO K179-8
053361/K19-9,CAMP. KIMIPAINT DECO K19-9
053361/K22-10,CAMP. KIMIPAINT DECO K22-10
053361/K48-10,CAMP. KIMIPAINT DECO K48-10
053361/K50-1,CAMP. KIMIPAINT EASY K50-1
053361/K7-1,CAMP. KIMIPAINT DECO K7-1
053361/K7-7,CAMP. KIMIPAINT DECO K7-7
053361/K9-1,CAMP. KIMIPAINT DECO K9-1
053362,CAMPIONE KIMICOVER BLINDO 7013 DA KG 1
053363,CAMP. KIMIFLOOR ECO BASE IT 34-1 KG 0.9
053364,CAMPIONE KIMICOVER BLINDO IT 88-4 DA KG1
053365,CAMPIONE KIMICOVER BLINDO IT 87-4 DA KG1
053366,CAMP. KIMIFLOOR ECO BASE MEDIO KG 0.9
053367,CAMPIONE KIMICOVER BLINDO 8025 DA KG 1
053368,CAMP. KIMICOVER 701P KG 0.5
053369,CAMP. KIMIC.BLINDO RAL 8016 KG 1
053370,CAMP. KIMIC.BLINDO IT 56-2 KG 1
053371,CAMP. KIMIC.BLINDO IT 56-5 KG 1
053372,CAMP. KIMICOVER 601P RAL 8019 KG 0.5
053373,CAMP. KIMICOVER 601P RAL 7022 KG 0.5
053374,CAMP. KIMICOVER BLINDO RAL 9018 KG 0.5
053375,"CAMP. LIMEPOR PMP 115/F KG 1,5"
053376,CAMP. KIMITECH K40 NF RAL 6011 KG 0.375
053377,CAMP. KIMITECH K40 NF RAL 6025 KG 0.375
053378,CAMP. KIMICOVER BLINDO IT 44.6 KG 1
053379,"CAMP. LIMEPOR PMP/F 110 KG 1,5"
053380,CAMP. KIMIPAINT HYDRO DA LT. 1
053381,CAMP. KIMIPAINT SIL BASE DA LT. 1
053382,CAMP KIMITECH PCA 0-3 ROSSO A+B+C KG 2
053383,"CAMP KIMITECH PCA 3-6 ROSSO A+B+C KG 1,7"
053384,"CAMP.KIMICOVER 401P A+B RAL7047KG.1,333"
053385,CAMP. KIMICOVER 401P A+B RAL 9003 KG. 4
053386,CAMP KIMIFLOOR ECO BASE 94.3 DA KG 1
053387,CAMP KIMIFLOOR ECO BASE 98.3 DA KG 1
053388,CAMP KIMIFLOOR ECO BASE 87.4 DA KG 1
053389,CAMP KIMIFLOOR ECO BASE 163.3 DA KG 1
053390,CAMP KIMIFLOOR ECO BASE IT 141-6 KG 1
053391,CAMP KIMIFLOOR ECO BASE IT 141-7 KG 1
053392,CAMP KIMIFLOOR ECO BASE IT 118-1 KG 1
053393,CAMP KIMIFLOOR ECO BASE IT 36-5 KG 1
053394,CAMPIONE LIMEPOR EDO T1 DA KG 4
053395,CAMP. KIMICOVER BLINDO IT52-5 DA KG 1
053396,CAMP. KIMICOVER BLINDO MIL022 DA KG 1
053397,CAMP SOLVENTE POLY DA KG 0.5
053398/K19-9,CAMP. KIMIPAINT DECOSIL K19-9
053398/K22-10,CAMP. KIMIPAINT DECOSIL K22-10
053398/K47-9,CAMP. KIMIPAINT DECOSIL K47-9
053398/K8-1,CAMP. KIMIPAINT DECOSIL K8-1
053399,"CAMP. KIMIFILL 0,1-0,3 DA KG 1"
053400,CAMP. LIMEPOR PMP/F 207 DA KG 1
053401,CAMP. LIMEPOR PMP/F 208 DA KG 1.5
053402,CAMP. LIMEPOR PMP T1 DA KG 1.5
053403,CAMP. LIMEPOR PMP 110 DA KG 1.5
053404,CAMP. LIMEPOR PMP 120 DA KG 1.5
053405,CAMP. KIM. ECO BASE RAL 1019 KG 1
053406,CAMP. LIMEPOR PMP 105 RV DA KG 20
053407,CAMP. KIMICOVER 301 NF RAL 1037 KG 1
053408,CAMPIONE
060005,SOLVENTE EPOX da LT 5
060010,SOLVENTE EPOX da LT 25
060011,SOLVENTE POLY da LT 5
060024,SOLUZIONE P da LT 5
060025,SOLUZIONE P da LT 25
060026,SOLUZIONE P da LT 200
060030,SOLUZIONE RUGGINE da KG 1
060031,BETONFIX KIMIFER da KG 5
060035,BETONFIX KIMIFER da KG 20 in secchi
070057,KIMITECH ANTITARLO DA KG 1
070058,KIMITECH ANTITARLO DA KG 5
070059,KIMITECH ANTITARLO DA KG 25
070065,KIMITECH FIBRE da mm 18
070071EVO,"LA GRAMIGNA GOLD 0,2x13 DA KG 20"
070072,DRAMIX 3D 80/30 GGP da KG 20
070079,SILOS
070080,MESCOLATORE ORIZZONTALE
070081,CAVO ELETTRICO
070082,TUBO ACQUA MESCOLATORE ORIZZONTALE
070083,QUADRO ELETTRICO MESCOLATORE ORIZZONTALE
070084,TUBO PORTA MATERIALE DA MT 25
070085,CAVO SONDA DA MT 50
070086,CUFFIA PER PFT G4 CON SONDA
070087,IMPIANTO A CADUTA
070088,COCLEA A MASSETTO
1010130,ULTRALIVEL da Kg 25
1110045,FIBROCEM EXTREME DA KG 25
1140542,EPO FIX
1510047,Intocem Ripristino MP KG. 25
1510062,Intocem Plus Grana Fine grigio 25 kg
1510064,Intocem Plus Bianco da Kg 25
1510067,Intocem Etics Light da Kg 20
1510070,Creativo Autolivellante da kg 25
1510076,"Intocem Plus Grana Grossa 0,9 mm grigio"
1510095/A,Elasto Cem parte A da Kg 25
1510109,ARCADIA RISANANTE DA KG 25
1510110,ARCADIA RINZAFFO da KG. 25
1510134,P8020001 P.M. MINERAL FILLER KG 20
1510135,Intocalce da Kg 20
1550006/A,"CREATIVO BARRIERA PARTE A DA KG 1,3"
1550006/B,"CREATIVO BARRIERA PARTE B DA KG 4,7"
1550006/C,CREATIVO BARRIERA PARTE C DA KG 12
1610010,CHRYSO M 105 DA KG 15
1610011,CHRYSO M 107 DA KG 15
170025,RULLI MOHAIR da cm 25
170043,RULLO METALLICO PER COMPOSITO
170045,RULLO FRANGIBOLLE
170050,SCARPA CHIODATA
170056,DINAMOMETRO BLONDELLE
170090,PISTOLA INGLESE
170115,PISTOLA MM/TL
170116,GHIERA A VITE PER PISTOLA MM/TL
170120,PISTOLA AC/TL
170130,PISTOLA MANUALE
170131,PISTOLA PER KIMITECH EPOXY CTR
170131N,PISTOLA PER KIMITECH EPOXY CTR
170150,INIETTORI KIMICOVER-IN
170152,SACCA PER KIMICOVER IN
1740090/A,KIMICOVER FIX GRYPS RES. da Kg 1.3
1740090/B,KIMICOVER FIX GRYPS IND. da Kg 4.7
1760011,VINIGRYPS GP I PARTE A KG 1
1760012,VINIGRYPS GP E PARTE A KG 1
1760013,VINIGRYPS GP PARTE B GRAMMI 10
180020,KIMITECH TONDO V mm 2000x6
180021,KIMITECH TONDO V mm2000x4
180025,KIMITECH TONDO V mm2000x12
180026,KIMITECH TONDO V mm2000x14
180027,KIMITECH TONDO V mm2000x16
180030,KIMITECH TONDO V mm2000x20
180031,KIMITECH TONDO V mm 2000x24
180035,KIMITECH TONDO  C mm 3000x10
180040,KIMITECH TONDO C mm 2000x10
180043,KIMITECH TONDO C  mm 2000x8
180044,KIMITECH TONDO C  mm 2000x12
180049,KIMITECH TONDO C  mm 8
180057,KIMISTEEL INOX X-BAR 304 da 10 mm - 2 mt
180058,KIMISTEEL INOX X-BAR 304 da 8 mm - 2 mt
180059,KIMISTEEL INOX X-BAR 316 da 10 mm - 2 mt
180060,KIMISTEEL INOX X-BAR 316 da 8 mm - 2 mt
180061,KIMISTEEL SDS DRILL
180062,KIMISTEEL MANUAL DRILL
180063,KIMISTEEL INOX X-BAR 304 da 6 mm - 2 mt
180069,KIMISTEEL INOX X-BAR 304 da 12 mm - 10 m
180070,KIMISTEEL INOX X-BAR 316 da 12 mm - 2 mt
180071,KIMISTEEL SDS DRILL 12 mm
180072,KIMISTEEL SDS E-DRILL
180073,KIMISTEEL INOX X-BAR 316 da 12 mm - 1 mt
180074,KIMITECH TONDO V mm 2000x10
180075,KIMISTEEL INOX X-BAR 304 da 12 mm - 1 mt
180076,KIMISTEEL INOX X-T da 8 mm
180077,KIMISTEEL INOX X-T da 10 mm
180078,KIMISTEEL INOX X-CAP da 8 mm
180079,KIMISTEEL INOX X-CAP da 10 mm
180080,KIMISTEEL IC TASSELLO
180081,KIMISTEEL INOX X-CAP da 12 mm
190000,KIMITECH 550
190001,"KIMITECH PLATE 120 x 1,4"
190005,KIMITECH 120 da cm 100
190006,KIMITECH 500
190009,KIMITECH S100
190010,KIMITECH VR LP 300
190011,KIMITECH VR 300 da 50 cm
190012,KIMITECH CB 320 da 20 cm
190013,KIMITECH CB 320 da 50 cm
190014,KIMITECH 350
190015,KIMITECH VR LP 800
190017,KIMITECH VR 300 da 20 cm
190018,KIMITECH CB 1200 da cm 10
190021,KIMITECH VR 300 da 10 cm
190026,KIMITECH CB 320 da 10 cm
190027,KIMITECH CB 320 da 30 cm
190028,KIMITECH CB 620 da  h. 50 cm
190030,KIMITECH CB ST 300 altezza 100 cm
190032,"KIMITECH PLATE 50 x 1,4 mm"
190033,"KIMITECH PLATE 90 x 1,4 mm"
190034,KIMITECH CB 620 da  h. 20 cm
190035,KIMITECH CB 620 da  h. 40 cm
190038,KIMITECH ST 160 R
190040,KIMITECH CB 620 da  h. 25 cm
190041,KIMITECH CB 320 da  h. 25 cm
190042,KIMITECH FIOCCO C da 8 mm
190044,KIMITECH CB 820 da H. 10 cm
190045,KIMITECH CB 820 da H. 20 cm
190047,KIMITECH CB 620 da  h. 10 cm
190056,KIMITECH MTX 1200 VR da H. 30 cm.
190057,"KIMITECH MTX 1200 VR da H. 48,5 cm."
190059,KIMITECH CB 820 da H. cm 50
190061,KIMITECH FIOCCO VR 10
190065,KIMITECH CB 320 da H. cm 40
190067,KIMITECH FIOCCO C da 10 mm
190068,KIMITECH FIOCCO AR da 10 mm
190074,KIMITECH CB 320 da cm 15
190081,KIMITECH FIOCCO C da 12 mm
190083,"KIMITECH PLATE 50 x 1,2 mm"
190086,KIMITECH CB 320 da 5 cm
190097,"KIMITECH PLATE 100 x 1,4 mm"
190103,KIMISTEEL INOX 2200 da 10 cm
190106,KIMITECH CB 420 da H. 10 cm
190107,"KIMITECH PLATE 250 da 100 x 1,4 mm"
190109,KIMITECH CB 380 MTX da H. 127 cm.
190117,KIMITECH FIOCCO VR 12
190119,KIMITECH FIOCCO AR da 12 mm
190120,"KIMITECH PLATE da 80 x 1,2 mm"
190122,KIMITECH CB 420 da H. 20 cm
190123,KIMITECH CB 420 da H. 50 cm
190124,KIMITECH TNT 80 LUNGHEZZA MT. 50
190126,KIMITECH CB 620 da h. 30 cm
190127,KIMITECH 120 da cm 25
190130,KIMITECH FRP LOCK
190131,KIMITECH CBA 420 da H. 20 cm.
190132,KIT FISSAGGIO PER KIMITECH FRP LOCK
190136,KIMITECH CB ST 300 altezza 50 cm
190137,KIMITECH CB ST 300 altezza 30 cm
190138,KIMITECH CB ST 300 altezza 10 cm
190152,KIMITECH WALLMESH HR *NON UTILIZZARE*
190153,KIMITECH WALLMESH MR *NON UTILIZZARE*
190155,KIMITECH FRP LOCK PR
190158,KIMISTEEL CONNECT L 250x80mm 3mm
190159,KIMISTEEL CONNECT RP
190160,KIMISTEEL CONNECT L 250mm 5mm
190163,KIMITECH FIOCCO BS D da 10 mm
190164,KIMISTEEL CONNECT I 800 mm SP.3mm
190166,KIMISTEEL CONNECT I 500 mm SP.3mm
190168,KIMISTEEL CONNECT L 80X150 mm SP.3mm
190170,KIMISTEEL WIRE da 3 mm
190182,KIMISTEEL CONNECT I 2000 mm SP.3mm
190184,KIMISTEEL CONNECT L 100x800 mm SP.3mm
190185,KIMISTEEL CONNECT L 100x700 mm SP.3mm
190193,KIMISTEEL CONNECT L 100x900 mm SP.3mm
190198,KIMISTEEL GLV 650 da cm 30
190199,KIMISTEEL GLV 2000 da cm 30
190203,KIMISTEEL GLV 2000 da cm 10
190204,KIMISTEEL GLV 650 da cm 10
190208,KIMITECH CB 420 da H. 25 cm
190209,KIMITECH CBA 320 da H. 40 cm
190211,KIMITECH CBA 620 da H. 20 cm
190216,KIMITECH CBA 420 da H. 50 cm.
190217,KIMITECH CBA 320 da H. 10 cm.
190218,KIMITECH CBA 320 da H. 20 cm.
190219,KIMITECH CBA 320 da H. 50 cm.
190220,KIMITECH CBA 620 da H. 10 cm.
190221,KIMITECH CBA 620 da H. 50 cm.
190227,KIMISTEEL GLV 1200 da cm 10
190228,KIMITECH ASF
190232,KIMITECH FIOCCO G da 8 mm
190233,KIMISTEEL FIOCCO GLV DA 3 MM
190234,KIMISTEEL FIOCCO GLV DA 5 MM
190235,KIMISTEEL FIOCCO GLV DA 8 MM
190237,KIMISTEEL FIOCCO GLV DA 12 MM
190239,KIMITECH ASF PIATTO
190241,KIMITECH BS ST 400 DA 1 M
190242,KIMITECH BS ST 200 DA 1 M
190248,KIMITECH BSA 400
190249,KIMITECH FIOCCO VR/P 20+30+20
190250,KIMITECH 550 +
190251,KIMISTEEL INOX 800 da 10 cm
190252,KIMISTEEL INOX 800 da 30 cm
190253,KIMITECH WALLMESH MR
190254,KIMITECH PLUG VR L 20x10
190255,KIMITECH PLUG VR L 50x10
190256,KIMITECH PLUG VR L 70x10
190257,KIMITECH ASF da 12 cm
190258,KIMITECH WALLMESH HR
190260,KIMITECH PLUG VR L 30x10
190261,KIMISTEEL BENDER
190262,KIMISTEEL INOX X-BAR 304 da 6 mm - 10 mt
190263,KIMITECH 650
190264,"KIMITECH PLATE 60 x 1,4 mm"
190265,KIMISTEEL GLV 3000 da cm 30
190266,KIMITECH ASF 150
190267,KIMISTEEL INOX X-BAR 316 da 10 mm - 1 mt
190268,KIMITECH PLUG VR L 38x10
190269,KIMITECH 120
190270,KIMISTEEL GLV 3000 da cm 20
190271,KIMITECH FIOCCO VR/P 20+40
190272,KIMITECH CBA 320 da H. 25 cm.
190274,KIMITECH CBA 620 da H. 25 cm
190275,KIMITECH ASF da 13 cm
190276,KIMITECH 551
190277,KIMITECH ASF/Z
190278,KIMITECH BNS
190280,KIMISTEEL INOX X-BAR 304 da 10 mm - 10 m
190283,KIMISTEEL INOX X-BAR 316 da 8 mm - 10 mt
190285,KIMISTEEL INOX X-BAR 304 da 8 mm - 1 mt
190286,"KIMITECH BS ST 200 DA 1,6 M"
190287,KIMITECH WALLMESH MR HD
190288,KIMITECH WALLMESH CORNER HD
190289,KIMITECH WALLMESH HR HD
190290,"KIMITECH BS ST 400 DA 1,6 M"
190291,KIMISTEEL INOX X-BAR 304 da 12 mm - 2 mt
190292,KIMISTEEL INOX X-BAR 304 da 10 mm - 1 mt
190293,KIMISTEEL INOX X-BAR 304 da 8 mm - 10 mt
190294,KIMISTEEL INOX X-BAR 316 da 12 mm - 10 m
190295,KIMISTEEL INOX X-BAR 316 da 10 mm - 10 m
190296,KIMISTEEL INOX X-BAR 316 da 8 mm - 1 mt
190297,"KIMITECH PLATE HM 50 x 1,4 mm"
190298,"KIMITECH PLATE HM 100 x 1,4 mm"
190299,KIMITECH FIOCCO BS da 12 mm
190300,"KIMITECH PLATE HM 60 x 1,4 mm"
190301,KIMITECH FIOCCO VR/P 20+30
190302,KIMITECH ASF/Z RONDELLE
190303,KIMISTEEL INOX X-BAR 316 da 6 mm
190304,KIMITECH PLUG VR/HD L 20x10
190305,KIMITECH PLUG VR/HD L 30x10
190306,KIMITECH PLUG VR/HD L 50x10
190307,KIMITECH PLUG VR/HD L 70x10
190308,KIMITECH FIOCCO VR/P 20+20
190309,KIMITECH CBA 320 da H. 15 cm.
190310,KIMITECH FIOCCO VR/P 20+10
190311,KIMITECH ASF M
190312,KIMITECH CBA 620 da H. 30 cm
190313,KIMITECH CBA 620 da H. 40 cm
190314,KIMITECH CORNER CRM 33x33
190315,KIMITECH CORNER CRM 66x66
190316,KIMITECH CORNER CRM 99x99
190317,KIMITECH CORNER CRM 40x40
190318,KIMITECH CORNER CRM 40x80
190319,KIMITECH CORNER CRM 80x80
190320,KIMITECH CORNER CRM 80x120
190321,KIMITECH CORNER CRM 120x120
190322,KIMITECH WALLMESH CRM 33x33
190323,KIMITECH WALLMESH CRM 66x66
190324,KIMITECH WALLMESH CRM 99x99
190325,KIMITECH WALLMESH SC 40x40
190326,KIMITECH WALLMESH SC 40x80
190327,KIMITECH WALLMESH SC 80x80
190328,KIMITECH WALLMESH SC 80x120
190329,KIMITECH WALLMESH SC 120x120
190330,KIMITECH ASF PIATTO INOX
190331,KIMITECH CB 820 da H. 25 cm
190332,KIMITECH ASF INOX
190333,KIMITECH PLUG CRM 20x10
190334,KIMITECH PLUG CRM 30x10
190335,KIMITECH PLUG CRM 50x10
190336,KIMITECH PLUG CRM 70x10
190337,KIMITECH WALLMESH CRM RP mm 3
190338,KIMITECH TONDO C mm 3000x10
190339,KIMITECH WALLMESH CRM RP d 2 mm
190340,KIMISTEEL WIRE da 5 mm
190341,KIMISTEEL WIRE CAVALLOTTO per 3 mm
190342,KIMISTEEL WIRE CAVALLOTTO per 5 mm
190343,KIMISTEEL WIRE MORSETTO per 3 mm
190344,KIMISTEEL WIRE MORSETTO per 5 mm
190345,KIMITECH ASF PIATTO da 10 cm
190346,KIMITECH PLUG CRM 40x10
190347,KIMITECH PLUG CRM 20x10 diametro 10 mm
190348,KIMISTEEL GF diametro 12 mm
190349,KIMISTEEL GF diametro 16 mm
190350,KIMISTEEL GF diametro 30 mm
190351,KIMISTEEL WIRE CAVALLOTTO per 8 mm
190352,KIMITECH TNT 110 LUNGHEZZA MT. 50
190353,KIMITECH PLUG CRM 100x10
190354,KIMITECH ROPE CB da 10 mm
190355,KIMISTEEL GRIP da 6 mm
190356,KIMISTEEL GRIP da 8 mm
190357,KIMISTEEL GRIP da 10 mm
190358,"KIMITECH WALLMESH MR HD da 1,6 M"
1910464,CALCE SOLOMEO da Kg 25
200020,ETHAFOAM diametro 6 mm
200025,ETHAFOAM diametro 10 mm
200030,ETHAFOAM diametro 16 mm
200035,ETHAFOAM diametro 20 mm
200040,ETHAFOAM diametro 25 mm
200045,ETHAFOAM diametro 30 mm
2010014,RASOBEN ROAD da KG 25
2010016,RASOBEN F 25 FIBRATO 0.6 MM GRIGIO da 25
2010017,RASOBEN F 25 FIBRATO 0.6 MM BIANCO da 25
2010020,"RASOBEN G 25 0,5 da 25 Kg"
2010021,"RASOBEN G 25 0,9 da 25 Kg"
2010023,RASOBEN F 25 FIBRATO GRIGIO 0.8 da 25 Kg
2010024,RASOBEN F 25 FIBRATO GRIGIO 1.2 da 25 Kg
2010026,RASOBEN F 25 FIBRATO 0.8 BIANCO da 25 Kg
2010027,"RASOBEN F 25 FIBRATO 1,2 BIANCO da 25 Kg"
2010028,"RASOBEN F.25*  1,2 mm GRIGIO da 25 Kg"
2010035,"RASOBEN M30 TX GR.1,2 DA KG 25"
2010039,"RASOBEN M30 TX RAPID GR 0,5 da KG 25"
2010040,RASOBEN M30 TX RAPID GR 1.2 da KG 25
2010041,RASOBEN GR 50 DA 0.8 MM da kg 25
2010042,RASOBEN GR 50 DA 0.6 MM da kg 25
2010043,RASOBEN GR 50 DA 1.2 MM da kg 25
2010045,RASOBEN M30 FB da KG 25
2010052,"RASOBEN M30 TX GR.0,5 DA KG 25"
2010053,RASOBEN F 25 FIBRATO GRIGIO 0.8 da 15 Kg
2010054,RASOBEN F 25* GRIGIO da 15 Kg
2010055,RASOBEN F 25 FIBRATO BIANCO 0.8 da 15 Kg
2010058,RASOBEN F 25* 0.6 MM GRIGIO da 25 Kg
2010059,RASOBEN F 10 BIANCO da 25 Kg
2010061,RASOBEN F 25 da 25 Kg
2010067,RASOBEN F.25 GG* GRIGIO da 25 Kg
2010068,RASOBEN F.25 GG* BIANCO DA KG 25
2010069,RASOBEN F.25* 0.8 MM GRIGIO da 25 kg
2010070,RASOBEN CC70 GR 1.0 da 25 Kg
2010071,RASOBEN LIGHT BIANCO DA KG 20
2010073,RASOBEN F 25* 0.6 MM GRIGIO DA KG 15
2010074,RASOBEN F 25 0.6 MM BIANCO DA KG 15
2010085,RASOBEN F 25* 0.6 MM BIANCO DA KG 25
2010086,RASOBEN F 25* 0.8 MM BIANCO DA KG 25
2010087,RASOBEN F 25* 1.2 MM BIANCO DA KG 25
2010109,INTO MONO DEUMIDIFICANTE DA KG 25
2010126,FINITURA BK 30 DA KG 25
2010135,FINITURA BK 20 DA KG 20
2020088,RASOBEN ADS1 DA KG 25
2020100,ADDITIVO ADS2 DA KG 5
2020105,ADDITIVO ADS2 DA KG 25
2060030,FERROL da KG 1
2060032,REP 03 DA KG 5
2110024,ROSSICEM GR 1.2 KG 25
2110025,"ROSSICEM GR 0,8 KG 25"
2310036,GRANITUM T9 DA KG 25
2331007,KIMIFILL EXTRAFINE DA KG 25
250100,TECNOSEAL 130 GRIGIO
250105,TECNOSEAL 130 BIANCO
260030,FUGAFL.15 GRIGIO CEMENTO KG 25
2620035/A,OLY RESIN 20 RES. DA KG 4
2620035/B,OLY RESIN 20 IND. DA KG 2
2620045/A,OLY RESIN 10 RES. DA KG 10
2620045/B,OLY RESIN 10 IND. DA KG 10
2710001/A,EDINTO EFLEX PARTE A DA KG 12
2710001/B,EDINTO EFLEX PARTE B GRIGIO DA KG 12
2750087,EDINTO EPROTECT BIANCO DA KG 25
2750356/A,EDINTO IDROCALC PARTE A DA KG 25
2750357/B,"EDINTO IDROCALC PARTE B DA KG 8,5"
2750358/A,EDINTO IDROCALC BIANCO PARTE A DA KG 25
2750358/B,"EDINTO IDROCALC PARTE B DA KG 8,5"
280030,TECNOSEAL ACR GRIGIO SACCHETTI
2910038,KONCRETO 40 DA KG 25
2960031,FERROSAN K1 DA KG 5
3010047,TEKNOCAF BF da Kg 25
3010062,TEKNOCAF RP Grigio da Kg 25
3010063,TEKNOCAF RP BIANCO da Kg 25
3010064,TEKNOCAF R10 Grigio da Kg 25
3010066,TEKNOCAF R10 FIBRATO GRIGIO 1MM da Kg 25
3010076,TEKNOCAF R30 Grigio Kg 25
301NF201,KIMICOVER 301 NF FASCIA 1 RES. KG 20
301NF202,KIMICOVER 301 NF FASCIA 2 RES. KG 20
301NF203,KIMICOVER 301 NF FASCIA 3 RES. KG 20
301NF41,KIMICOVER 301 NF FASCIA 1 RES. KG 4
301NF42,KIMICOVER 301 NF FASCIA 2 RES. KG 4
301NF43,KIMICOVER 301 NF FASCIA 3 RES. KG 4
310012,SABBIA K6
310025,KIMIFILL K 9 da Kg 20
310027,KIMIFILL K12 GRIGIO da Kg 12
310030,KIMIFILL MP DA 25 KG
310035,KIMIFILL 1/F DA KG 25
310039,KIMIFILL K12 da Kg 12
310041,KIMIFILL K14 BIANCO da Kg 20
310048,KIMIFILL K12 BEIGE da Kg 12
310091,KIMIFILL BZ 0.3 / 0.7
310106,KIMIFILL ROSSO VERONA 3/6 MM
310107,KIMIFILL AD DA KG 1
310111,KIMIFILL K14 GRIGIO CHIARO da Kg 20
310114,KIMIFILL 3-6 BIANCO CARRARA da Kg 25
3220044/A,BM TIXO PLATE RES. DA KG 5
3220044/B,BM TIXO PLATE IND. DA KG 5
3220045/A,BM TIXO PLATE RES. DA KG 10
3220045/B,BM TIXO PLATE IND. DA KG 10
3220061/A,BM EPO GEL RES. DA KG 4
3220061/B,"BM EPO GEL IND. DA KG 1,33"
3220062/A,BM EPO GEL RES. DA KG 12
3220062/B,BM EPO GEL IND. DA KG 4
3240090/A,"BM EPO PRIMER RES. DA KG 1,3"
3240090/B,"BM EPO PRIMER IND. DA KG 4,7"
3240091/A,BM EPO PRIMER RES. DA KG 4
3240091/B,BM EPO PRIMER IND. DA KG 14
3320040/A,EPOGRYPS MP RES. DA KG 12
3320040/B,EPOGRYPS MP IND. DA KG 6
3320041/A,EPOGRYPS MP UV RES. DA KG 4
3320041/B,EPOGRYPS MP UV IND. DA KG 2
3320042/A,EPOGRYPS MP GLASS R1 RES. DA KG 4
3320042/B,EPOGRYPS MP GLASS R1 IND. DA KG 2
3320058/A,EPOGRYPS MP GLASS RES. DA KG 5
3320058/B,EPOGRYPS MP GLASS IND. DA KG 2
3320061/A,EPOGRYPS MP TH RES. DA KG 12
3320061/B,EPOGRYPS MP TH IND. DA KG 6
3320062/A,EPOGRYPS MP SLOW RES. DA KG 12
3320062/B,EPOGRYPS MP SLOW IND. DA KG 6
3320063/A,EPOGRYPS MP EXTRA SLOW RES. DA KG 12
3320063/B,EPOGRYPS MP EXTRA SLOW IND. DA KG 6
3320064/A,GRYPSCOVER GELCOAT BIANCO PARTE A KG 5
3320064/B,GRYPSCOVER GELCOAT BIANCO PARTE B GR 100
3320065/A,EPOGRYPS OSMO PROOF RESINA KG 4
3320065/B,EPOGRYPS OSMO PROOF INDURENTE KG 2
3320066/A,GRYPSCOVER POLY-S RESINA KG 4
3320066/B,GRYPSCOVER POLY-S INDURENTE KG 1
3320067,GRYPSCOVER R-ELASTIC KG 3
3320068/A,POLIGRYPS LM-I RESINA KG 5
3320068/B,"POLIGRYPS LM-I INDURENTE KG 0,100"
3340231/A,"GRYPSCOVER PRIMER EP MV RES. DA KG 1,3"
3340231/B,"GRYPSCOVER PRIMER EP MV IND. DA KG 4,7"
3350250/A,GRYPSCOVER PRIMER EP RES. DA KG 1
3350250/B,GRYPSCOVER PRIMER EP BIANCO IND. DA KG 4
3610339,FILLER DRY NHL M15K DA KG 25
401151,KIMICOVER 401 FASCIA 1 RES. KG 15
401152,KIMICOVER 401 FASCIA 2 RES. KG 15
401153,KIMICOVER 401 FASCIA 3 RES. KG 15
401154,KIMICOVER 401 FASCIA 4 RES. KG 15
40131,KIMICOVER 401 FASCIA 1 RES. KG 3
40132,KIMICOVER 401 FASCIA 2 RES. KG 3
40133,KIMICOVER 401 FASCIA 3 RES. KG 3
40134,KIMICOVER 401 FASCIA 4 RES. KG 3
4310021,XM50KAL DA KG 25
4310022,XM38K BIANCO DA KG 25
4310025,XM38K SRA DA KG 25
4310026,LIVFORGIATO FLOOR DA KG 25
4310027,LIVFORGIATO FLOOR COLORATO DA KG 25
4310030,LIVFORGIATO FLOOR NERO DA KG 25
4310031,XM50/02 DA KG 25
4310032,LIVFORGIATO CP DA KG 25
4310033,LIVFORGIATO CP 3% DA KG 25
4310034,XM50KAL 2% NERO DA KG 25
4310035,LIVFORGIATO FLOOR GRIGIO DA KG 25
4310036,"LIVFORGIATO FLOOR +0,3% NERO DA KG 25"
4310037,LIVFORGIATO FLOOR CP NERO 2% DA KG 25
4310039,XM50KAL BIANCO DA KG 25
4310040,XM50KAL GRIGIO SCURO DA KG 25
4310041,XM50KAL GRIGIO SCURO E DA KG 25
4710062,RASOGIOLLI GRIGIO DA KG 25
4810062,RASOSIVAC GRIGIO DA KG 25
4810076,RASOSIVAC GG DA KG 25
4950005/A,ISOLFIX PARTE A KG 1
4950005/B,ISOLFIX PARTE B KG 4
4950007/C,ISOLFIX PARTE C KG 10
5510291,AG BLOCK da KG 25
7510020,FIXBETON BL DA KG 25
7510038,FIXBETON UNIQUE DA KG 25
7510043,FIXBETON 45 DA KG 25
7510047,FIXBETON TIXO 3 DA KG 25
7510065,FIXBETON BL/F DA KG 25
7510100,FIXINTO LIME DA KG 20
7510126,FIXBETON SEC R DA KG 25
7510135,FIXBETON SEC XXS DA KG 15
7510253,FIXBETON SEC DA KG 25
8010020,BETONAL R4 DA KG 25
BLI251,KIMICOVER BLINDO FASCIA 1 DA KG 25
BLI252,KIMICOVER BLINDO FASCIA 2 DA KG 25
BLI253,KIMICOVER BLINDO FASCIA 3 DA KG 25
BLI254,KIMICOVER BLINDO FASCIA 4 DA KG 25
ECOB251,KIMIFLOOR ECO BASE FASCIA 1 DA KG 25
ECOB252,KIMIFLOOR ECO BASE FASCIA 2 DA KG 25
ECOB253,KIMIFLOOR ECO BASE FASCIA 3 DA KG 25
ECOB254,KIMIFLOOR ECO BASE FASCIA 4 DA KG 25
ECOB255,KIMIFLOOR ECO BASE FASCIA 5 DA KG 25
ECOB71,KIMIFLOOR ECO BASE FASCIA 1 DA KG 7
ECOB72,KIMIFLOOR ECO BASE FASCIA 2 DA KG 7
ECOB73,KIMIFLOOR ECO BASE FASCIA 3 DA KG 7
ECOB74,KIMIFLOOR ECO BASE FASCIA 4 DA KG 7
ECOB75,KIMIFLOOR ECO BASE FASCIA 5 DA KG 7
HLA251,KIMITECH HLA FASCIA 1 RESINA DA KG 25
HLA252,KIMITECH HLA FASCIA 2 RESINA DA KG 25
HLA253,KIMITECH HLA FASCIA 3 RESINA DA KG 25
HLA51,KIMITECH HLA FASCIA 1 RESINA DA KG 5
HLA52,KIMITECH HLA FASCIA 2 RESINA DA KG 5
HLA53,KIMITECH HLA FASCIA 3 RESINA DA KG 5
HYDRO,KIMIPAINT HYDRO DA LT 15
K40NF201,KIMITECH K40 NF FASCIA 1 IND KG 20
K40NF202,KIMITECH K40 NF FASCIA 2 IND KG 20
K40NF203,KIMITECH K40 NF FASCIA 3 IND KG 20
K40NF204,KIMITECH K40 NF FASCIA 4 IND KG 20
K40NF41,KIMITECH K40 NF FASCIA 1 IND KG 4
K40NF42,KIMITECH K40 NF FASCIA 2 IND KG 4
K40NF43,KIMITECH K40 NF FASCIA 3 IND KG 4
K40NF44,KIMITECH K40 NF FASCIA 4 IND KG 4
SILBASE,KIMIPAINT SIL BASE DA LT 15
